snake_type,id,label
nonvenemous,7ede553357,nerodia-sipedon
nonvenemous,3500b219e4,opheodrys-aestivus
nonvenemous,d43a78d6d9,pituophis-catenifer
nonvenemous,1f36f26994,thamnophis-sirtalis
nonvenemous,8cb85fc58e,pituophis-catenifer
nonvenemous,7176bcfe9a,thamnophis-sirtalis
venemous,27f2d0f582,crotalus-atrox
nonvenemous,43eebba928,storeria-dekayi
nonvenemous,180a56f143,storeria-dekayi
nonvenemous,07fd20e8bd,pantherophis-obsoletus
nonvenemous,d6145eb8ef,pantherophis-obsoletus
nonvenemous,43cf88006f,pituophis-catenifer
venemous,545094975f,crotalus-atrox
nonvenemous,de232d35ce,pantherophis-obsoletus
nonvenemous,f49f11daf4,thamnophis-sirtalis
nonvenemous,be70c24805,thamnophis-sirtalis
nonvenemous,8a68c61789,storeria-dekayi
nonvenemous,e4a0afbde5,pantherophis-obsoletus
nonvenemous,5d046e4a57,pantherophis-obsoletus
venemous,9450d432f1,agkistrodon-piscivorus
nonvenemous,24ae6b28c9,thamnophis-sirtalis
nonvenemous,bbbcf461fd,thamnophis-sirtalis
nonvenemous,25f864a129,pituophis-catenifer
nonvenemous,9d63e29dab,storeria-dekayi
nonvenemous,560a7820ef,pantherophis-obsoletus
nonvenemous,261a672081,pituophis-catenifer
nonvenemous,e08cecfcc8,lampropeltis-californiae
nonvenemous,dcbaefa9de,thamnophis-sirtalis
nonvenemous,4757eec719,storeria-dekayi
nonvenemous,7a5772b7df,thamnophis-sirtalis
venemous,756a3734d1,crotalus-atrox
nonvenemous,bcb51ed4fd,lampropeltis-triangulum
nonvenemous,b28a9dbd17,pituophis-catenifer
nonvenemous,84496bd65b,masticophis-flagellum
nonvenemous,97254f0a1e,thamnophis-sirtalis
nonvenemous,738e860bf3,pantherophis-obsoletus
nonvenemous,5b04af2d08,thamnophis-sirtalis
nonvenemous,df1007a11e,lampropeltis-californiae
nonvenemous,71e4a3726c,thamnophis-sirtalis
nonvenemous,9ec71badf5,pantherophis-obsoletus
venemous,9aaf30ca4e,agkistrodon-contortrix
nonvenemous,502dbd30e8,nerodia-erythrogaster
venemous,6a0948343e,crotalus-atrox
nonvenemous,a9c94931b4,nerodia-sipedon
nonvenemous,94f8b871bc,thamnophis-sirtalis
nonvenemous,65be04e1a7,thamnophis-sirtalis
nonvenemous,553b5be83f,thamnophis-sirtalis
nonvenemous,f156e4b9ad,pantherophis-obsoletus
venemous,c195a35480,crotalus-atrox
nonvenemous,ba36d77d65,thamnophis-sirtalis
nonvenemous,ac60cb4c64,lampropeltis-triangulum
nonvenemous,e99babb9da,thamnophis-sirtalis
venemous,3f79415b22,crotalus-atrox
venemous,07a7f4b8a2,agkistrodon-piscivorus
nonvenemous,8713b35996,pantherophis-obsoletus
nonvenemous,8161aa3270,thamnophis-sirtalis
venemous,c084141ebb,agkistrodon-contortrix
nonvenemous,3f264dfa93,storeria-dekayi
nonvenemous,ac29145967,thamnophis-proximus
venemous,14cc5c0b07,crotalus-atrox
nonvenemous,0d53f3592b,pantherophis-emoryi
nonvenemous,339702c73e,thamnophis-sirtalis
nonvenemous,d9282cfc2f,lampropeltis-californiae
nonvenemous,7cbb3598a5,thamnophis-sirtalis
nonvenemous,7d23dd1a25,pituophis-catenifer
nonvenemous,302ae16a4f,thamnophis-sirtalis
venemous,665ce5599e,crotalus-atrox
nonvenemous,7fe9ccee38,thamnophis-sirtalis
nonvenemous,b4ee296fbe,thamnophis-sirtalis
nonvenemous,463302e361,natrix-natrix
nonvenemous,a18b060715,thamnophis-sirtalis
nonvenemous,72b767e027,thamnophis-sirtalis
nonvenemous,28c9bd4b10,thamnophis-sirtalis
nonvenemous,a8cf67b3cd,thamnophis-sirtalis
nonvenemous,dc0bd440c3,opheodrys-aestivus
nonvenemous,1b558cc89f,opheodrys-aestivus
nonvenemous,23a5181788,lampropeltis-californiae
venemous,17e5f4b5bf,crotalus-atrox
nonvenemous,45708c6f17,thamnophis-sirtalis
nonvenemous,90e93122c1,diadophis-punctatus
nonvenemous,9aac958618,lampropeltis-californiae
nonvenemous,23f9ca3329,thamnophis-sirtalis
venemous,3702f63d72,thamnophis-marcianus
nonvenemous,142b516abc,lampropeltis-californiae
venemous,db55095044,crotalus-atrox
venemous,2532449658,agkistrodon-contortrix
venemous,521ce40402,thamnophis-radix
nonvenemous,5bdb8079ed,diadophis-punctatus
nonvenemous,2b88eaac56,lampropeltis-californiae
nonvenemous,f11e311c90,pituophis-catenifer
nonvenemous,75b79378c3,masticophis-flagellum
venemous,8f457bca60,crotalus-atrox
nonvenemous,4aae3ed36b,opheodrys-aestivus
nonvenemous,7e85692fa2,thamnophis-sirtalis
nonvenemous,8557e64d0e,thamnophis-sirtalis
nonvenemous,f590310834,thamnophis-sirtalis
nonvenemous,6ce6de9def,storeria-dekayi
nonvenemous,5e13f84aae,pituophis-catenifer
nonvenemous,3f595dc653,storeria-dekayi
nonvenemous,28fc7c65cc,lampropeltis-californiae
nonvenemous,2e6627723a,thamnophis-sirtalis
nonvenemous,759223778f,thamnophis-sirtalis
nonvenemous,68e08979eb,pantherophis-obsoletus
nonvenemous,b51b666b0a,thamnophis-sirtalis
nonvenemous,1134c2556d,storeria-dekayi
venemous,e10bcc9899,crotalus-atrox
nonvenemous,4d84d06252,pantherophis-obsoletus
nonvenemous,71792ec7f9,thamnophis-sirtalis
nonvenemous,87fff43cf4,pantherophis-alleghaniensis
nonvenemous,d0d91b6a16,pituophis-catenifer
venemous,b1606f2410,agkistrodon-contortrix
nonvenemous,f9a3564f88,thamnophis-sirtalis
nonvenemous,8bdccf2baf,thamnophis-sirtalis
nonvenemous,abbfa54027,lampropeltis-triangulum
nonvenemous,ca469b7a27,thamnophis-sirtalis
nonvenemous,95a51a0fcd,thamnophis-sirtalis
venemous,8ef78ef2d3,agkistrodon-piscivorus
nonvenemous,e21af6d4b9,opheodrys-aestivus
nonvenemous,221b1ee2f1,lampropeltis-triangulum
nonvenemous,b2c3d5d9fb,lampropeltis-californiae
venemous,526c9eac74,crotalus-atrox
nonvenemous,a38e41fd76,thamnophis-sirtalis
nonvenemous,b2ba21f052,thamnophis-sirtalis
nonvenemous,3b9b67ba03,pantherophis-obsoletus
venemous,327b772827,crotalus-atrox
nonvenemous,2afdb4999f,storeria-dekayi
venemous,0cbf1992d0,agkistrodon-contortrix
venemous,c822ae5d01,crotalus-atrox
nonvenemous,5405370c87,pituophis-catenifer
nonvenemous,092388daba,thamnophis-sirtalis
nonvenemous,99a3b654d0,storeria-dekayi
nonvenemous,e0f8e741d4,thamnophis-sirtalis
nonvenemous,5d9cf27241,lampropeltis-californiae
nonvenemous,632bed91e6,thamnophis-sirtalis
nonvenemous,83d7c726d0,thamnophis-sirtalis
nonvenemous,2555c7e7ce,thamnophis-sirtalis
nonvenemous,2b9180fb4f,thamnophis-sirtalis
nonvenemous,e211c36384,pantherophis-obsoletus
nonvenemous,06b96eed56,pituophis-catenifer
venemous,d8fe032fe4,agkistrodon-piscivorus
nonvenemous,366c0f8d42,thamnophis-sirtalis
nonvenemous,be80579760,pituophis-catenifer
nonvenemous,a4ff6226a3,nerodia-sipedon
nonvenemous,53da6f2a06,pituophis-catenifer
nonvenemous,509628b6d3,pantherophis-obsoletus
venemous,75206b0c2d,crotalus-atrox
nonvenemous,c3e988cbe7,nerodia-sipedon
nonvenemous,bf3224d5bb,lampropeltis-californiae
nonvenemous,2d45d24990,thamnophis-sirtalis
nonvenemous,217a85c6a0,pantherophis-obsoletus
nonvenemous,f910b4dafd,lampropeltis-californiae
venemous,dbc89aa6fc,agkistrodon-contortrix
nonvenemous,e0c882d7b5,thamnophis-sirtalis
nonvenemous,bbd20396ee,thamnophis-sirtalis
nonvenemous,a9bd8d4550,nerodia-sipedon
nonvenemous,f9315c3d9d,thamnophis-sirtalis
nonvenemous,c53c61ff1d,thamnophis-sirtalis
venemous,ae76c25b30,crotalus-atrox
venemous,0554b687c1,crotalus-atrox
nonvenemous,8227ee21d5,thamnophis-sirtalis
nonvenemous,e63f970c24,storeria-dekayi
venemous,5a7a965d51,crotalus-atrox
nonvenemous,6f885777ae,storeria-dekayi
nonvenemous,c63d4c04d9,lampropeltis-californiae
venemous,d678d67897,crotalus-atrox
nonvenemous,03d156d9ee,nerodia-sipedon
venemous,39d5cf451b,crotalus-atrox
nonvenemous,c8583aa3f1,thamnophis-sirtalis
nonvenemous,72fd0c7625,pantherophis-guttatus
nonvenemous,89428de91a,thamnophis-sirtalis
nonvenemous,e3ad957f8f,coluber-constrictor
nonvenemous,4b49ad90af,lampropeltis-californiae
nonvenemous,e4ff7155e8,storeria-dekayi
nonvenemous,eaa331f24e,storeria-dekayi
nonvenemous,28edbbefda,pantherophis-obsoletus
nonvenemous,aa1015e3c8,lampropeltis-californiae
nonvenemous,644033bba9,lampropeltis-californiae
nonvenemous,c612cc9390,pantherophis-obsoletus
nonvenemous,6870b31b63,storeria-dekayi
nonvenemous,b22d6d545d,lampropeltis-californiae
nonvenemous,bf1adbeecc,pituophis-catenifer
nonvenemous,16e1861f42,lampropeltis-californiae
venemous,8e7302d0c7,crotalus-atrox
nonvenemous,473b09a338,storeria-dekayi
nonvenemous,80da1ca7fe,thamnophis-sirtalis
nonvenemous,c3e38fc290,pantherophis-guttatus
nonvenemous,901a78b5f6,pituophis-catenifer
nonvenemous,250946e33d,pituophis-catenifer
nonvenemous,71bb3b775f,storeria-dekayi
nonvenemous,58e653c556,lampropeltis-californiae
nonvenemous,ff0d70fb78,thamnophis-sirtalis
nonvenemous,bbbaf02d7b,thamnophis-sirtalis
venemous,a8729cbe08,heterodon-platirhinos
nonvenemous,e754670fa9,pituophis-catenifer
nonvenemous,d51800edfc,thamnophis-sirtalis
nonvenemous,54705e5068,pituophis-catenifer
nonvenemous,2d26350d5f,lampropeltis-californiae
venemous,65ea1d3d84,crotalus-atrox
nonvenemous,fc2019398b,opheodrys-aestivus
venemous,76bc77c3be,crotalus-atrox
nonvenemous,ae5258ea04,thamnophis-sirtalis
nonvenemous,8d8734a395,opheodrys-aestivus
venemous,a6ac17e3d8,crotalus-atrox
venemous,2ca8252168,crotalus-atrox
nonvenemous,d81bbe11bb,thamnophis-sirtalis
nonvenemous,fb1ea63ee1,thamnophis-sirtalis
venemous,d7b6ef28af,crotalus-atrox
nonvenemous,fe015ee591,pituophis-catenifer
nonvenemous,e4f9ad2007,pantherophis-obsoletus
nonvenemous,26758bec6d,nerodia-sipedon
nonvenemous,23dd09c2b6,thamnophis-sirtalis
venemous,7c34e2cdec,thamnophis-marcianus
nonvenemous,6ec294cf12,thamnophis-sirtalis
nonvenemous,36d521dbd5,nerodia-sipedon
nonvenemous,9a6e35d716,coluber-constrictor
nonvenemous,8bbc299a40,lampropeltis-californiae
venemous,fd5e259ea8,crotalus-atrox
nonvenemous,db292dcc3b,thamnophis-sirtalis
nonvenemous,f481c83182,pantherophis-alleghaniensis
nonvenemous,4245d68d46,pituophis-catenifer
nonvenemous,59e640bb91,lampropeltis-californiae
nonvenemous,36c233f563,pantherophis-obsoletus
nonvenemous,bc3799b2df,thamnophis-sirtalis
venemous,9e937f940b,crotalus-atrox
nonvenemous,9a7b588cb9,storeria-dekayi
nonvenemous,7ff5570d2f,pituophis-catenifer
nonvenemous,087903f361,thamnophis-sirtalis
nonvenemous,6e66f9667f,pantherophis-vulpinus
nonvenemous,60dd49f8d4,pituophis-catenifer
nonvenemous,7064757509,pantherophis-obsoletus
nonvenemous,baa3f02141,pantherophis-emoryi
nonvenemous,7dce396ff5,storeria-dekayi
venemous,30a99aee44,crotalus-atrox
nonvenemous,665b29ab42,thamnophis-sirtalis
nonvenemous,a443ddb908,lampropeltis-californiae
nonvenemous,ac95eb1818,lampropeltis-californiae
nonvenemous,05a6798995,thamnophis-sirtalis
nonvenemous,0241586560,thamnophis-sirtalis
nonvenemous,ff45fac73c,nerodia-sipedon
nonvenemous,013c73ee17,nerodia-sipedon
nonvenemous,b93e2f9f5b,pantherophis-obsoletus
nonvenemous,2b1413378c,pantherophis-obsoletus
venemous,9cb08cd05a,crotalus-ruber
nonvenemous,13aa42a7e4,masticophis-flagellum
nonvenemous,641e266e15,diadophis-punctatus
nonvenemous,7b5344ccfd,pantherophis-obsoletus
nonvenemous,13cfe36156,lampropeltis-triangulum
nonvenemous,e3638b66ab,pantherophis-obsoletus
nonvenemous,0f5042aa5a,thamnophis-sirtalis
nonvenemous,79783161b7,lampropeltis-triangulum
nonvenemous,195c38795c,pantherophis-obsoletus
nonvenemous,0290d68533,lampropeltis-californiae
nonvenemous,2a2b711e1e,storeria-dekayi
venemous,51622421a7,crotalus-atrox
nonvenemous,9f4c9e5d29,thamnophis-sirtalis
nonvenemous,55cf94ef25,pantherophis-obsoletus
nonvenemous,8e3a442218,pantherophis-obsoletus
nonvenemous,a5bd623c6a,lampropeltis-triangulum
nonvenemous,192dd2d4b7,nerodia-sipedon
nonvenemous,5b3791c4e4,lampropeltis-triangulum
venemous,4f3bb6e01a,crotalus-atrox
venemous,9316eb7237,crotalus-atrox
nonvenemous,aa16a509cf,lampropeltis-triangulum
nonvenemous,ad68959f68,pituophis-catenifer
nonvenemous,072f7c5df5,rhinocheilus-lecontei
nonvenemous,e6fe591e18,storeria-dekayi
nonvenemous,eed4cc6dda,thamnophis-sirtalis
nonvenemous,6335735a8a,nerodia-sipedon
nonvenemous,40fb202092,pantherophis-spiloides
nonvenemous,8d34d1a83e,pantherophis-spiloides
venemous,5d58cc2fb1,crotalus-atrox
nonvenemous,e073226ee2,lampropeltis-triangulum
nonvenemous,630628b60b,pituophis-catenifer
nonvenemous,c074d2a3c3,thamnophis-sirtalis
nonvenemous,2c03979041,thamnophis-sirtalis
nonvenemous,237efd22ef,thamnophis-sirtalis
nonvenemous,5a23092d94,thamnophis-sirtalis
nonvenemous,cebc8a3140,thamnophis-sirtalis
nonvenemous,ddbb02224a,thamnophis-sirtalis
nonvenemous,785ba4871f,thamnophis-sirtalis
nonvenemous,d19b66d326,thamnophis-sirtalis
nonvenemous,f9b0800cb8,pituophis-catenifer
venemous,2f065830d7,agkistrodon-contortrix
nonvenemous,b9893aa41a,pituophis-catenifer
nonvenemous,2c442a09ed,thamnophis-sirtalis
nonvenemous,ea100d15e2,thamnophis-sirtalis
nonvenemous,9363d2c4be,pituophis-catenifer
nonvenemous,dd0dc5ba1a,lampropeltis-californiae
nonvenemous,86b438d651,pantherophis-obsoletus
nonvenemous,a7596b0dda,thamnophis-sirtalis
nonvenemous,c0a9301d14,storeria-dekayi
nonvenemous,59d4a652fa,storeria-dekayi
nonvenemous,9266faaacf,pantherophis-guttatus
nonvenemous,5c6713d750,pituophis-catenifer
nonvenemous,4a7b39ccff,pituophis-catenifer
nonvenemous,c91233cf4f,thamnophis-sirtalis
nonvenemous,316d089f08,lampropeltis-californiae
nonvenemous,63bb9ed8c2,thamnophis-sirtalis
nonvenemous,8ec81d1cab,thamnophis-sirtalis
nonvenemous,0bef464da6,lampropeltis-triangulum
venemous,e3497219ae,crotalus-ruber
nonvenemous,259af44b24,storeria-dekayi
nonvenemous,c52f2693cf,lampropeltis-californiae
nonvenemous,18f5184f2e,rhinocheilus-lecontei
venemous,728f07bb97,crotalus-atrox
nonvenemous,fba22fecef,thamnophis-sirtalis
nonvenemous,fdbcf4aa99,pituophis-catenifer
nonvenemous,f8d202075f,thamnophis-sirtalis
nonvenemous,369a02e471,thamnophis-sirtalis
nonvenemous,3e2cadfaa9,storeria-dekayi
nonvenemous,0a59465b78,pituophis-catenifer
nonvenemous,5717af5063,thamnophis-sirtalis
nonvenemous,5a5ed0a9f9,thamnophis-sirtalis
nonvenemous,503bd5a793,opheodrys-aestivus
nonvenemous,861b144528,pantherophis-obsoletus
nonvenemous,2c1c60baac,pituophis-catenifer
venemous,f583cab812,crotalus-atrox
nonvenemous,98e28ee840,thamnophis-sirtalis
nonvenemous,e981adefe8,storeria-dekayi
nonvenemous,847dcb005c,lampropeltis-californiae
nonvenemous,2bdd1204df,thamnophis-sirtalis
nonvenemous,436a5443a6,lampropeltis-californiae
nonvenemous,b474fba6f6,coluber-constrictor
nonvenemous,4a52d81d06,pituophis-catenifer
nonvenemous,e04df53f33,pituophis-catenifer
venemous,6e0bc47bff,crotalus-atrox
nonvenemous,00a9bba384,thamnophis-sirtalis
nonvenemous,c34e07aea2,thamnophis-sirtalis
venemous,ddb3fdca4e,crotalus-horridus
nonvenemous,772912b335,lampropeltis-californiae
nonvenemous,d2d8c969f4,opheodrys-aestivus
nonvenemous,05c0503e80,opheodrys-aestivus
nonvenemous,0a2842082d,lampropeltis-triangulum
venemous,f63ccbe5e4,crotalus-atrox
nonvenemous,7c71df0f36,storeria-dekayi
nonvenemous,b812b08083,pituophis-catenifer
nonvenemous,aa46c84394,thamnophis-sirtalis
nonvenemous,172ea701fa,storeria-dekayi
venemous,4da6e0c4b1,crotalus-atrox
nonvenemous,2680cb138a,pituophis-catenifer
nonvenemous,042411e752,storeria-occipitomaculata
nonvenemous,3a90a92e92,nerodia-sipedon
nonvenemous,194d8bc5a0,nerodia-sipedon
nonvenemous,1ac35b5307,pantherophis-guttatus
nonvenemous,bd26891431,nerodia-sipedon
nonvenemous,9bcdad786e,thamnophis-sirtalis
nonvenemous,3fbfac0bbb,lampropeltis-californiae
venemous,d9f6166852,crotalus-atrox
nonvenemous,c27414795d,thamnophis-sirtalis
nonvenemous,031d5fd2dd,lampropeltis-californiae
nonvenemous,b359100fa4,opheodrys-aestivus
nonvenemous,999b3783d7,thamnophis-sirtalis
venemous,959cdb0f88,crotalus-atrox
venemous,8fa0dcc6df,crotalus-atrox
nonvenemous,8ea058e917,pituophis-catenifer
nonvenemous,ae46441c69,pituophis-catenifer
nonvenemous,b08c38c7f7,thamnophis-sirtalis
nonvenemous,328d66a6d0,thamnophis-sirtalis
nonvenemous,5ac5adfab9,pituophis-catenifer
nonvenemous,593c3b2407,pantherophis-obsoletus
nonvenemous,5d701c6be6,diadophis-punctatus
venemous,b6bcd1799a,agkistrodon-contortrix
nonvenemous,b3494fd089,storeria-dekayi
nonvenemous,0448002637,pituophis-catenifer
nonvenemous,fff8bffdb0,pantherophis-spiloides
nonvenemous,0cbc0f68b6,lampropeltis-californiae
nonvenemous,0debda08e0,nerodia-sipedon
nonvenemous,d0283c614b,lampropeltis-californiae
nonvenemous,2dbe75a840,thamnophis-proximus
nonvenemous,6d998bc9af,pituophis-catenifer
nonvenemous,3ff941e398,pantherophis-obsoletus
venemous,a9410566e4,crotalus-atrox
venemous,358af00cdd,crotalus-atrox
nonvenemous,e4ab7ba2ab,thamnophis-sirtalis
venemous,b07f81508c,thamnophis-radix
nonvenemous,3b1799fe42,pantherophis-obsoletus
nonvenemous,3d6339ea74,thamnophis-sirtalis
nonvenemous,2163674737,pantherophis-emoryi
nonvenemous,d99ab56103,pituophis-catenifer
nonvenemous,54ba70e3cc,thamnophis-sirtalis
nonvenemous,545ed78e38,pituophis-catenifer
nonvenemous,e7d07009df,thamnophis-sirtalis
nonvenemous,f6ec7eba7b,thamnophis-sirtalis
venemous,64c3ac5ad0,crotalus-atrox
venemous,b72ce0175f,crotalus-atrox
nonvenemous,b894d764f5,thamnophis-sirtalis
nonvenemous,cf5d7c4e17,storeria-dekayi
nonvenemous,58663371a3,pantherophis-obsoletus
nonvenemous,81bf550daa,thamnophis-sirtalis
nonvenemous,37f5ad479e,pantherophis-obsoletus
nonvenemous,3c8edae2a4,opheodrys-aestivus
nonvenemous,4cb468d415,lampropeltis-triangulum
nonvenemous,92e04ca324,pituophis-catenifer
venemous,11373da95a,crotalus-atrox
nonvenemous,6a3bcbcf4a,opheodrys-aestivus
nonvenemous,a5f24a2ecc,pantherophis-obsoletus
nonvenemous,1edabbc312,storeria-dekayi
nonvenemous,96aee5ec60,thamnophis-sirtalis
nonvenemous,4598203b0a,thamnophis-sirtalis
venemous,6bd8b7a823,crotalus-atrox
nonvenemous,54f91fbb3a,thamnophis-sirtalis
venemous,b9d8bbfa03,crotalus-atrox
nonvenemous,72f1ff130d,pituophis-catenifer
nonvenemous,2eccd64667,thamnophis-sirtalis
nonvenemous,2546d11351,pantherophis-obsoletus
venemous,b09f1d031b,crotalus-scutulatus
venemous,bd5a29330a,crotalus-horridus
nonvenemous,4451e8bf97,pituophis-catenifer
nonvenemous,86a4573103,thamnophis-sirtalis
venemous,da7212161e,crotalus-atrox
nonvenemous,aa1da0bc83,thamnophis-sirtalis
nonvenemous,6e802f864c,pantherophis-guttatus
nonvenemous,8eaa4e8d18,storeria-dekayi
venemous,ffa547380d,crotalus-horridus
nonvenemous,776bf9c3e7,pantherophis-obsoletus
nonvenemous,f6058731c7,nerodia-sipedon
nonvenemous,3137a9d8f4,pantherophis-obsoletus
nonvenemous,c5eda48da7,thamnophis-sirtalis
nonvenemous,23e13b5ba3,nerodia-sipedon
nonvenemous,c264755582,storeria-dekayi
nonvenemous,958f27ae53,storeria-dekayi
venemous,f1ce7a658c,crotalus-atrox
nonvenemous,897932c055,thamnophis-sirtalis
nonvenemous,a17470a422,storeria-dekayi
nonvenemous,f756da9b22,storeria-dekayi
nonvenemous,83f99d01b7,lampropeltis-triangulum
nonvenemous,1c097f3bb5,thamnophis-sirtalis
nonvenemous,638716b738,thamnophis-sirtalis
nonvenemous,74772031c5,pituophis-catenifer
nonvenemous,94f3aa78e0,pituophis-catenifer
nonvenemous,c0f734db4f,opheodrys-aestivus
venemous,4f9c43f59c,crotalus-atrox
nonvenemous,1b32d18277,thamnophis-sirtalis
nonvenemous,2145486df9,pituophis-catenifer
venemous,9e779ef62b,crotalus-atrox
nonvenemous,caa85de8a4,lampropeltis-californiae
nonvenemous,dab850c45f,lampropeltis-triangulum
nonvenemous,326a993691,storeria-dekayi
nonvenemous,1a313e58c0,storeria-dekayi
nonvenemous,eacde65a87,thamnophis-sirtalis
nonvenemous,16ef599310,thamnophis-sirtalis
nonvenemous,a1a1d8f4d3,lampropeltis-triangulum
nonvenemous,b66574f0cb,pituophis-catenifer
nonvenemous,dadd875c98,thamnophis-sirtalis
nonvenemous,35f3e07f8a,lampropeltis-triangulum
nonvenemous,35b25084a8,thamnophis-sirtalis
nonvenemous,5be6313607,thamnophis-sirtalis
nonvenemous,5e4b3549cb,thamnophis-sirtalis
nonvenemous,14af77c260,pantherophis-obsoletus
nonvenemous,a3ffe15ad1,thamnophis-sirtalis
nonvenemous,fcf5b7e439,pituophis-catenifer
venemous,510f5e1945,crotalus-atrox
venemous,99d309ee88,crotalus-atrox
nonvenemous,c5ba6d87e2,storeria-dekayi
venemous,0a00cdd2b8,crotalus-atrox
nonvenemous,9e10b0843c,pituophis-catenifer
nonvenemous,9818345fa3,thamnophis-sirtalis
nonvenemous,424b8caccf,lampropeltis-californiae
nonvenemous,291cd9c481,opheodrys-aestivus
nonvenemous,0c02a2f5d7,thamnophis-sirtalis
nonvenemous,3393c3a6eb,pantherophis-spiloides
nonvenemous,18e8e49c6a,storeria-dekayi
nonvenemous,45245a5e5a,lampropeltis-californiae
nonvenemous,13696d31fb,thamnophis-sirtalis
nonvenemous,41e720d7de,pantherophis-emoryi
nonvenemous,40303088fa,coluber-constrictor
nonvenemous,67d1d73480,thamnophis-sirtalis
venemous,4e3e773484,crotalus-atrox
nonvenemous,7517bb0623,haldea-striatula
nonvenemous,559133de50,thamnophis-sirtalis
nonvenemous,9ae22849c1,storeria-dekayi
venemous,c5ff38ff68,crotalus-atrox
venemous,71e572d33f,thamnophis-radix
nonvenemous,332e5c6785,storeria-dekayi
nonvenemous,6003bbcbf9,storeria-dekayi
nonvenemous,5c17e68b40,lampropeltis-californiae
nonvenemous,bad9a60677,thamnophis-sirtalis
nonvenemous,209b809200,thamnophis-sirtalis
nonvenemous,f2b9362dd4,pituophis-catenifer
nonvenemous,8de60975b5,thamnophis-sirtalis
nonvenemous,8add8bfac9,thamnophis-sirtalis
nonvenemous,0d5c403d38,thamnophis-sirtalis
nonvenemous,d483f5a5ce,opheodrys-aestivus
nonvenemous,7836689238,pituophis-catenifer
nonvenemous,724a385d2e,thamnophis-sirtalis
venemous,64e02bed8b,agkistrodon-contortrix
venemous,3133cffd8c,thamnophis-radix
nonvenemous,ebd7ad9677,nerodia-sipedon
nonvenemous,fe50e904ff,pituophis-catenifer
nonvenemous,7f4df9bad8,lampropeltis-triangulum
nonvenemous,b083b3bdfc,pituophis-catenifer
nonvenemous,5ac813acff,thamnophis-sirtalis
nonvenemous,35084d1574,thamnophis-sirtalis
nonvenemous,9bbb1238dd,storeria-dekayi
venemous,54da60ecca,agkistrodon-contortrix
venemous,8139d8a08f,crotalus-atrox
nonvenemous,cf4b998e06,thamnophis-sirtalis
nonvenemous,50ff72a201,thamnophis-sirtalis
nonvenemous,a0969f71a4,storeria-occipitomaculata
nonvenemous,64b71700c0,storeria-dekayi
nonvenemous,420c648f8f,thamnophis-sirtalis
nonvenemous,b48998dacd,lampropeltis-californiae
nonvenemous,d6ce6db8ac,pantherophis-alleghaniensis
nonvenemous,f359a3a1cb,thamnophis-sirtalis
venemous,3e27aded25,crotalus-atrox
nonvenemous,9baf0c175d,thamnophis-sirtalis
nonvenemous,60cd847169,pituophis-catenifer
nonvenemous,8cc2b43e73,lampropeltis-triangulum
nonvenemous,e635e0301a,storeria-dekayi
nonvenemous,53ad81ecbf,storeria-occipitomaculata
nonvenemous,bd77bff983,diadophis-punctatus
nonvenemous,e4b948cde5,storeria-dekayi
nonvenemous,7a85d0a38f,thamnophis-sirtalis
nonvenemous,6e104122dd,opheodrys-aestivus
venemous,0bd440f886,crotalus-scutulatus
nonvenemous,cfe48a6766,thamnophis-sirtalis
venemous,dea4ad3c5c,crotalus-atrox
nonvenemous,a70db3f4e2,pituophis-catenifer
venemous,73801d11da,crotalus-atrox
nonvenemous,91b9c66b6c,pantherophis-obsoletus
nonvenemous,7fa218f587,pantherophis-alleghaniensis
nonvenemous,89aac8751e,storeria-dekayi
nonvenemous,ccd99e20ab,lampropeltis-triangulum
nonvenemous,3d4e749f5c,thamnophis-sirtalis
nonvenemous,d981710b5c,thamnophis-sirtalis
nonvenemous,52eec0f3fb,lampropeltis-triangulum
venemous,7b01622a45,agkistrodon-piscivorus
nonvenemous,d8f3e2543c,pituophis-catenifer
nonvenemous,3da58beca1,storeria-dekayi
nonvenemous,27cc745b4e,lampropeltis-triangulum
nonvenemous,19e640cfea,thamnophis-sirtalis
nonvenemous,e97ad14aa0,thamnophis-sirtalis
nonvenemous,fee6ac0981,thamnophis-sirtalis
nonvenemous,7688910bf6,pituophis-catenifer
nonvenemous,e207f9f8e1,pantherophis-guttatus
venemous,38cfa09840,crotalus-atrox
nonvenemous,e8c28b1fa8,thamnophis-sirtalis
nonvenemous,14b9eb3c99,pantherophis-obsoletus
nonvenemous,90b9422778,pituophis-catenifer
nonvenemous,55c6c72734,pituophis-catenifer
nonvenemous,1b74b10f63,pantherophis-obsoletus
nonvenemous,dbe94ca39f,lampropeltis-triangulum
nonvenemous,2467f2a466,pantherophis-obsoletus
nonvenemous,87c3cc64a9,storeria-dekayi
nonvenemous,f4f5dd040b,pituophis-catenifer
nonvenemous,f32d83944c,pantherophis-vulpinus
nonvenemous,de0c5e9a87,pantherophis-alleghaniensis
nonvenemous,aff4a2c922,thamnophis-sirtalis
nonvenemous,f96291b278,pantherophis-guttatus
nonvenemous,c64eb91ae4,storeria-dekayi
nonvenemous,2ae2c1199a,pantherophis-obsoletus
nonvenemous,c032ab6ee3,pituophis-catenifer
nonvenemous,33e62ea503,pantherophis-guttatus
nonvenemous,4d5e7f22ae,thamnophis-sirtalis
venemous,daa2966222,crotalus-atrox
nonvenemous,a5234ec3be,opheodrys-aestivus
nonvenemous,80eead3616,thamnophis-sirtalis
nonvenemous,ade437840f,thamnophis-sirtalis
venemous,2db8ff4d4f,agkistrodon-contortrix
nonvenemous,b3b1353fab,lampropeltis-triangulum
nonvenemous,c449df8761,diadophis-punctatus
nonvenemous,59979fbad2,nerodia-erythrogaster
nonvenemous,f4698088c6,lampropeltis-californiae
nonvenemous,532b83a570,lampropeltis-triangulum
nonvenemous,0e287bd3a4,diadophis-punctatus
nonvenemous,62a0846a7f,thamnophis-sirtalis
nonvenemous,3fc4c2a5e1,thamnophis-sirtalis
nonvenemous,4d2299d5dc,lampropeltis-triangulum
nonvenemous,416b4750da,pantherophis-spiloides
nonvenemous,dfee6504e3,thamnophis-sirtalis
nonvenemous,bba431d5d4,thamnophis-sirtalis
nonvenemous,d50e9b77ce,thamnophis-sirtalis
nonvenemous,423c84462d,pantherophis-obsoletus
nonvenemous,d8854a4d6f,pantherophis-guttatus
nonvenemous,06bfe160bc,pantherophis-obsoletus
nonvenemous,b53265ae30,thamnophis-sirtalis
nonvenemous,4f7b14d1e9,pantherophis-obsoletus
nonvenemous,b0e5cdcf65,storeria-dekayi
nonvenemous,3d90e98161,pantherophis-vulpinus
venemous,385387e75a,crotalus-atrox
nonvenemous,a016fbf111,thamnophis-sirtalis
nonvenemous,79d92b5155,lampropeltis-triangulum
nonvenemous,e8556cf2b3,thamnophis-sirtalis
nonvenemous,b68aec61a9,storeria-dekayi
nonvenemous,6245275771,thamnophis-sirtalis
nonvenemous,9af6f4bbb1,pantherophis-obsoletus
nonvenemous,e2839b926b,thamnophis-sirtalis
venemous,8d2f2c54a1,crotalus-atrox
nonvenemous,1e8f52cf8e,pituophis-catenifer
nonvenemous,c2bfddaefb,storeria-dekayi
nonvenemous,fcac77e8e3,thamnophis-sirtalis
nonvenemous,a6eefff8e9,thamnophis-sirtalis
nonvenemous,48be242050,opheodrys-aestivus
venemous,e849f57aaa,crotalus-scutulatus
nonvenemous,75053513e4,thamnophis-sirtalis
nonvenemous,0b6092dd9f,pantherophis-obsoletus
venemous,f10dbb60ad,crotalus-atrox
nonvenemous,6fd275d6f8,pantherophis-obsoletus
nonvenemous,7b110332b2,pantherophis-obsoletus
nonvenemous,02b5ce8a0d,thamnophis-sirtalis
venemous,e286457476,crotalus-atrox
nonvenemous,2fd9e2eee6,thamnophis-sirtalis
venemous,b79eb2b0fb,crotalus-atrox
nonvenemous,f5315a5875,pituophis-catenifer
venemous,db4493bb17,agkistrodon-piscivorus
nonvenemous,4ebadc4b4b,storeria-dekayi
nonvenemous,c98bc697c6,storeria-dekayi
nonvenemous,e3c6ba694a,thamnophis-sirtalis
nonvenemous,783481beb0,storeria-dekayi
nonvenemous,f29333e380,pituophis-catenifer
nonvenemous,c3fb1dacc1,thamnophis-sirtalis
nonvenemous,5b15bac5c2,lampropeltis-californiae
nonvenemous,cd0721eb2a,thamnophis-sirtalis
nonvenemous,1e2ae139b7,thamnophis-sirtalis
nonvenemous,79553e62b3,opheodrys-aestivus
nonvenemous,cdbedb45cd,thamnophis-sirtalis
nonvenemous,ee52483077,lampropeltis-triangulum
nonvenemous,1fac89750a,thamnophis-sirtalis
nonvenemous,86a2ca0b18,lampropeltis-californiae
nonvenemous,d3a5b62b1f,lampropeltis-californiae
nonvenemous,5276b71b91,thamnophis-sirtalis
nonvenemous,eff565b0e9,thamnophis-sirtalis
nonvenemous,a0853d1197,thamnophis-sirtalis
venemous,38782ebfe4,crotalus-viridis
venemous,a16e3dec1e,crotalus-atrox
nonvenemous,223cc7e8a6,pantherophis-obsoletus
nonvenemous,fed1568a6c,lampropeltis-triangulum
nonvenemous,f2f891850d,storeria-dekayi
nonvenemous,22580dc310,diadophis-punctatus
nonvenemous,4b2040859d,storeria-dekayi
nonvenemous,c40f2cf547,lampropeltis-californiae
nonvenemous,8a1f773d30,thamnophis-sirtalis
nonvenemous,26e77de0d3,thamnophis-sirtalis
nonvenemous,3898d993ce,diadophis-punctatus
nonvenemous,4c48326692,pantherophis-obsoletus
nonvenemous,639ea18f23,storeria-dekayi
venemous,6447cbdb15,agkistrodon-piscivorus
nonvenemous,2fab3b74e1,storeria-dekayi
nonvenemous,70d03492db,thamnophis-sirtalis
nonvenemous,df50ba8c91,lampropeltis-triangulum
nonvenemous,e68457fe19,storeria-dekayi
nonvenemous,b4ad055b21,lampropeltis-californiae
venemous,f10e985810,thamnophis-radix
nonvenemous,ee41d19ab2,thamnophis-sirtalis
nonvenemous,5af19d853b,pantherophis-obsoletus
nonvenemous,e3e76a3d9c,masticophis-flagellum
nonvenemous,59bcc84d9c,storeria-dekayi
venemous,49cd434b18,crotalus-atrox
nonvenemous,ce31772330,thamnophis-sirtalis
nonvenemous,08e0a784b9,opheodrys-aestivus
venemous,b38fb09f8b,crotalus-atrox
nonvenemous,1025e29ab7,pituophis-catenifer
nonvenemous,98e71c5873,opheodrys-aestivus
nonvenemous,ec7956ab61,lampropeltis-triangulum
venemous,8221410682,crotalus-atrox
venemous,51ee9e04f0,agkistrodon-contortrix
nonvenemous,96d75bfe8f,thamnophis-sirtalis
nonvenemous,8601628d1f,thamnophis-sirtalis
nonvenemous,3dfa5ad947,thamnophis-sirtalis
nonvenemous,affc413c04,thamnophis-sirtalis
nonvenemous,8d0378446f,pantherophis-guttatus
venemous,d4575182a3,crotalus-atrox
nonvenemous,64b48406af,rhinocheilus-lecontei
venemous,371a621202,crotalus-scutulatus
nonvenemous,aef6cdef7f,thamnophis-sirtalis
venemous,5767b7291d,thamnophis-radix
venemous,bce7024134,crotalus-atrox
nonvenemous,1e8ba66e6d,pantherophis-obsoletus
nonvenemous,1cca4dde7e,thamnophis-sirtalis
nonvenemous,0497ecfd64,thamnophis-sirtalis
nonvenemous,80cd47b8be,masticophis-flagellum
nonvenemous,48470bf29b,storeria-dekayi
nonvenemous,21c06dfcf8,coluber-constrictor
venemous,a0bce2082d,agkistrodon-contortrix
nonvenemous,a14372c89f,storeria-dekayi
nonvenemous,1a7e4bd4c6,thamnophis-sirtalis
venemous,77b61563ed,agkistrodon-piscivorus
venemous,bbbcedc4c0,crotalus-atrox
venemous,baba9a2a38,crotalus-ruber
nonvenemous,6fd6c6ccf6,storeria-dekayi
nonvenemous,1cef56fb1e,lampropeltis-californiae
venemous,5f6f35c987,crotalus-atrox
nonvenemous,d1eb8d51ae,thamnophis-sirtalis
venemous,4617ca078b,crotalus-atrox
nonvenemous,77b4a4a25c,thamnophis-sirtalis
nonvenemous,c2955c5d83,thamnophis-sirtalis
nonvenemous,67d5a9efbe,lampropeltis-triangulum
nonvenemous,0fe9a54c20,pituophis-catenifer
nonvenemous,5b30be5fe9,pituophis-catenifer
nonvenemous,6469909eb8,pituophis-catenifer
nonvenemous,b81a1b1d90,thamnophis-sirtalis
venemous,e2363c1554,crotalus-atrox
nonvenemous,0cff3cb843,thamnophis-sirtalis
nonvenemous,1b340371e5,thamnophis-sirtalis
nonvenemous,00e8ba3531,storeria-dekayi
venemous,dee1e6d310,crotalus-ruber
nonvenemous,e264f04ce9,lampropeltis-triangulum
nonvenemous,ddd56ba0c0,rhinocheilus-lecontei
nonvenemous,c1cbf83f28,storeria-dekayi
venemous,13275759e4,crotalus-atrox
nonvenemous,d37b0ef11f,pituophis-catenifer
nonvenemous,898d62255d,pituophis-catenifer
venemous,f9bbc7153a,agkistrodon-contortrix
nonvenemous,f8ac5953cb,lampropeltis-californiae
nonvenemous,ad9921a2aa,pantherophis-obsoletus
nonvenemous,a5f85aab22,opheodrys-aestivus
venemous,c6234d79bb,crotalus-atrox
nonvenemous,771f6f3fe6,thamnophis-sirtalis
nonvenemous,688b29b043,pituophis-catenifer
nonvenemous,19ccba64b3,pituophis-catenifer
nonvenemous,72115baab1,thamnophis-sirtalis
venemous,6becc6093d,crotalus-atrox
nonvenemous,7855bae864,opheodrys-aestivus
nonvenemous,d50acbddb2,thamnophis-sirtalis
nonvenemous,83899a6b49,thamnophis-sirtalis
venemous,11e97175b8,crotalus-horridus
venemous,5980c7a6f7,crotalus-horridus
venemous,2d61b82de7,agkistrodon-piscivorus
nonvenemous,1f90c834c5,pituophis-catenifer
nonvenemous,e0474c1be9,rhinocheilus-lecontei
venemous,96dbc2f29b,crotalus-horridus
nonvenemous,d1b7d9ba22,thamnophis-sirtalis
nonvenemous,fd2f1d3113,lampropeltis-californiae
nonvenemous,928460dde9,pituophis-catenifer
nonvenemous,d63c0e9fdc,lampropeltis-californiae
nonvenemous,78ed1037b8,rhinocheilus-lecontei
venemous,b3fe7d062c,agkistrodon-contortrix
nonvenemous,9315549d3a,storeria-dekayi
venemous,c3bd25298d,crotalus-atrox
venemous,8f92043d8f,agkistrodon-piscivorus
nonvenemous,9069355571,thamnophis-sirtalis
nonvenemous,a1e486d349,lampropeltis-californiae
venemous,bbaf558ecf,agkistrodon-contortrix
nonvenemous,516de4c918,thamnophis-sirtalis
venemous,3a8c8aa252,crotalus-atrox
nonvenemous,44aa210a3e,pituophis-catenifer
nonvenemous,64553a6913,pantherophis-guttatus
nonvenemous,e90ba4331c,pantherophis-spiloides
nonvenemous,11649cec48,lampropeltis-triangulum
nonvenemous,c3444151d5,thamnophis-sirtalis
nonvenemous,37ee5eb735,thamnophis-sirtalis
venemous,3f36710eb6,crotalus-atrox
venemous,624b2cc236,crotalus-atrox
nonvenemous,0c9a05356b,storeria-dekayi
nonvenemous,aa4b3d2785,nerodia-sipedon
venemous,8a43339a29,agkistrodon-contortrix
nonvenemous,a11bf6e766,rhinocheilus-lecontei
nonvenemous,3d1b0e14ff,opheodrys-aestivus
nonvenemous,a698472a57,nerodia-erythrogaster
nonvenemous,3e733e66de,nerodia-sipedon
nonvenemous,7a374981e5,nerodia-sipedon
nonvenemous,45bd4f73b1,pituophis-catenifer
nonvenemous,e17bb727be,rhinocheilus-lecontei
venemous,c79bcf2098,agkistrodon-contortrix
nonvenemous,1f6403d491,thamnophis-sirtalis
nonvenemous,93ad7fe563,opheodrys-aestivus
nonvenemous,47e8f1b843,thamnophis-sirtalis
nonvenemous,c5c1619dee,thamnophis-sirtalis
nonvenemous,ee52b1c3e4,rhinocheilus-lecontei
nonvenemous,bdfce30128,lampropeltis-californiae
nonvenemous,bcfa129e05,thamnophis-sirtalis
nonvenemous,c3007e0e16,storeria-dekayi
nonvenemous,e3e8505f6f,lampropeltis-triangulum
nonvenemous,60c5ab7fe1,lampropeltis-triangulum
venemous,af58bb743b,crotalus-atrox
nonvenemous,eab49156d7,pantherophis-obsoletus
nonvenemous,847a278c9a,pituophis-catenifer
venemous,22b4344fa1,crotalus-atrox
nonvenemous,0297424cbd,thamnophis-sirtalis
nonvenemous,e9aac999b1,thamnophis-sirtalis
nonvenemous,45df9e533a,thamnophis-sirtalis
nonvenemous,ac57aad226,pituophis-catenifer
venemous,79b4ba46ed,crotalus-atrox
nonvenemous,890c0055e6,storeria-dekayi
nonvenemous,b83e0a56e3,thamnophis-sirtalis
nonvenemous,ca0e73a30b,thamnophis-sirtalis
nonvenemous,5feb234354,rhinocheilus-lecontei
nonvenemous,7f8f6794e6,storeria-dekayi
nonvenemous,a4c523e2b2,pantherophis-obsoletus
nonvenemous,817e074b35,rhinocheilus-lecontei
nonvenemous,7019567057,thamnophis-sirtalis
venemous,6fecaaf9f8,crotalus-atrox
nonvenemous,1bac862621,lampropeltis-triangulum
nonvenemous,ad72ea0194,thamnophis-sirtalis
nonvenemous,58cd93d84d,storeria-dekayi
nonvenemous,797bf37edf,thamnophis-sirtalis
nonvenemous,6c1f740183,lampropeltis-triangulum
nonvenemous,22ee9b9874,lampropeltis-californiae
nonvenemous,586ba03c24,pituophis-catenifer
nonvenemous,fec707022c,diadophis-punctatus
nonvenemous,eab43ca7a3,thamnophis-sirtalis
nonvenemous,311d69ffb9,thamnophis-sirtalis
venemous,a45609e2f1,crotalus-atrox
venemous,2b9e221d99,crotalus-ruber
nonvenemous,f8b43d780b,lampropeltis-californiae
nonvenemous,b982fadd00,storeria-dekayi
nonvenemous,59cff921b2,pituophis-catenifer
nonvenemous,3f304c3d86,pantherophis-guttatus
nonvenemous,d6f1eb568f,lampropeltis-triangulum
nonvenemous,0f1924cf80,pantherophis-obsoletus
venemous,f5b2a347ff,crotalus-atrox
nonvenemous,dd818fb360,lampropeltis-californiae
nonvenemous,e8fe7df5ad,lampropeltis-triangulum
nonvenemous,cf79767545,thamnophis-sirtalis
nonvenemous,6f4a0cf636,thamnophis-sirtalis
venemous,7cb6fcbad3,agkistrodon-contortrix
nonvenemous,9a07607611,storeria-dekayi
venemous,3f63e4612d,crotalus-atrox
nonvenemous,e5e4aeeaf7,lampropeltis-triangulum
nonvenemous,a3c79fb490,thamnophis-sirtalis
venemous,16fbebdc1f,crotalus-atrox
nonvenemous,274e3979b2,lampropeltis-triangulum
nonvenemous,99e9171fcb,storeria-dekayi
nonvenemous,0f0969f7d7,thamnophis-sirtalis
nonvenemous,da7acc2a0f,storeria-dekayi
nonvenemous,c685ea9df1,lampropeltis-triangulum
nonvenemous,6fa95b4e8d,nerodia-sipedon
nonvenemous,8ce3cee642,pantherophis-obsoletus
nonvenemous,86915f6c43,storeria-dekayi
nonvenemous,282ce15a59,thamnophis-sirtalis
nonvenemous,21b66186b7,lampropeltis-triangulum
venemous,7f9dafc904,agkistrodon-contortrix
venemous,cfcbf6740c,crotalus-atrox
nonvenemous,7391e1f35e,pantherophis-obsoletus
nonvenemous,ac42c482a2,thamnophis-sirtalis
nonvenemous,d400216179,thamnophis-sirtalis
nonvenemous,18a1ebef0e,coluber-constrictor
nonvenemous,32fee7fe2c,pantherophis-guttatus
nonvenemous,bac648289c,pituophis-catenifer
nonvenemous,6a6723f2d9,thamnophis-sirtalis
venemous,e81112e8d1,crotalus-atrox
nonvenemous,481f91feb4,coluber-constrictor
nonvenemous,d5636c22bd,lampropeltis-triangulum
nonvenemous,25bc9f384d,storeria-dekayi
nonvenemous,eaa7edf8dc,thamnophis-sirtalis
nonvenemous,fdb05268b8,lampropeltis-californiae
nonvenemous,e7cf15f7c1,thamnophis-sirtalis
nonvenemous,3619f16494,rhinocheilus-lecontei
nonvenemous,7a27082f24,thamnophis-sirtalis
nonvenemous,8d98278446,lampropeltis-californiae
venemous,b9d53ffd45,crotalus-atrox
nonvenemous,5d6b176f01,pituophis-catenifer
nonvenemous,e97ba49b46,thamnophis-sirtalis
nonvenemous,1e04c22e2f,thamnophis-sirtalis
nonvenemous,790aa417c2,thamnophis-sirtalis
nonvenemous,b58213e015,pituophis-catenifer
nonvenemous,042c0fc943,thamnophis-sirtalis
venemous,47f515dbdc,crotalus-atrox
nonvenemous,84298633ca,pituophis-catenifer
nonvenemous,e5a6f90969,pituophis-catenifer
venemous,93c3acd68a,crotalus-atrox
nonvenemous,7cd411e836,lampropeltis-californiae
nonvenemous,78398b7b6c,thamnophis-sirtalis
nonvenemous,59e07d0848,storeria-dekayi
venemous,75b98c6e29,crotalus-horridus
venemous,b681aee40c,agkistrodon-contortrix
nonvenemous,ac8fcab5ba,pituophis-catenifer
nonvenemous,c68656ee58,rhinocheilus-lecontei
venemous,a1ae1155b3,crotalus-atrox
venemous,c685e04441,crotalus-atrox
nonvenemous,b24743c49c,thamnophis-sirtalis
nonvenemous,798c090b10,storeria-dekayi
nonvenemous,ea135d3a89,storeria-dekayi
venemous,c06284e0af,crotalus-atrox
nonvenemous,fe4b15022b,storeria-dekayi
nonvenemous,fbb94e594c,pituophis-catenifer
nonvenemous,5f7a87f204,pituophis-catenifer
venemous,ed8e92ecf1,crotalus-atrox
venemous,9885c6266a,crotalus-atrox
nonvenemous,02a78ae220,pituophis-catenifer
nonvenemous,7b7117f0c1,thamnophis-sirtalis
venemous,70355e73f8,agkistrodon-piscivorus
venemous,2fc72ef3f4,crotalus-atrox
nonvenemous,5d3e048c96,pantherophis-obsoletus
venemous,25623b3ce6,agkistrodon-contortrix
venemous,083e3b50fd,thamnophis-marcianus
nonvenemous,0f6b88fcfc,thamnophis-sirtalis
venemous,91370ed279,crotalus-atrox
nonvenemous,7245fe93b9,thamnophis-sirtalis
nonvenemous,9cb7c4fd24,pantherophis-obsoletus
nonvenemous,7de50b5bdc,lampropeltis-californiae
nonvenemous,53a5a161de,storeria-dekayi
nonvenemous,59fe71d682,pantherophis-obsoletus
nonvenemous,a8d2967840,diadophis-punctatus
venemous,3355a69bda,crotalus-atrox
nonvenemous,5dbde45405,opheodrys-aestivus
nonvenemous,47e66422c8,thamnophis-sirtalis
nonvenemous,adaa93af64,thamnophis-sirtalis
nonvenemous,4fadd04098,rhinocheilus-lecontei
nonvenemous,1be8871524,pituophis-catenifer
nonvenemous,ab0cd50587,thamnophis-proximus
nonvenemous,9b755092e4,pantherophis-obsoletus
nonvenemous,1e998306c0,nerodia-sipedon
nonvenemous,07f075d594,nerodia-sipedon
nonvenemous,3d35b26c1a,thamnophis-sirtalis
nonvenemous,071901eca8,lampropeltis-triangulum
nonvenemous,022d71aae9,lampropeltis-californiae
venemous,4e8049b6d0,crotalus-atrox
nonvenemous,f354b8dfe7,pituophis-catenifer
nonvenemous,f3a74d6ee0,pantherophis-obsoletus
nonvenemous,2289e09d6a,lampropeltis-californiae
nonvenemous,70483cb8ea,thamnophis-sirtalis
venemous,4d53b5cb4d,crotalus-atrox
nonvenemous,e50bb5978a,diadophis-punctatus
nonvenemous,48e9e8aff8,pituophis-catenifer
nonvenemous,213acb4781,storeria-dekayi
nonvenemous,e93cd41190,thamnophis-sirtalis
nonvenemous,7ca16d8c1b,storeria-dekayi
nonvenemous,b7fe892e44,pituophis-catenifer
venemous,374615f6fb,thamnophis-radix
nonvenemous,5126df2646,pantherophis-obsoletus
nonvenemous,1104584d38,pituophis-catenifer
nonvenemous,dff6304429,thamnophis-sirtalis
nonvenemous,0c2849a26e,storeria-dekayi
nonvenemous,9d4ce5b72f,pantherophis-obsoletus
nonvenemous,a141a881e2,thamnophis-sirtalis
nonvenemous,33346242e2,opheodrys-aestivus
nonvenemous,0d20d1c1a2,pantherophis-obsoletus
nonvenemous,731a90d84c,thamnophis-sirtalis
nonvenemous,5e4c1c7cc2,lampropeltis-triangulum
nonvenemous,9db0bdd59d,opheodrys-aestivus
venemous,253843f209,thamnophis-radix
nonvenemous,e60709d049,thamnophis-sirtalis
nonvenemous,054a536789,pantherophis-obsoletus
nonvenemous,bf1a3b7b79,thamnophis-sirtalis
venemous,d0612f3e8a,agkistrodon-contortrix
nonvenemous,eebe64532a,diadophis-punctatus
nonvenemous,79594b42ef,storeria-dekayi
nonvenemous,bed81704c1,pantherophis-obsoletus
nonvenemous,cbe0b8c85d,thamnophis-sirtalis
nonvenemous,5ae808f8fd,pituophis-catenifer
venemous,5d448c05e1,crotalus-horridus
nonvenemous,4d051b9208,masticophis-flagellum
nonvenemous,88c9cc598c,opheodrys-aestivus
nonvenemous,e81c30e876,storeria-dekayi
venemous,b9a8b67b16,crotalus-atrox
nonvenemous,9dabb5ee25,pantherophis-alleghaniensis
nonvenemous,7ca6b80658,thamnophis-sirtalis
venemous,f60d7f670e,crotalus-atrox
nonvenemous,55d9dd5142,lampropeltis-californiae
nonvenemous,882a08649b,rhinocheilus-lecontei
nonvenemous,12fda3c135,thamnophis-sirtalis
nonvenemous,8d13d818de,pantherophis-obsoletus
nonvenemous,deb68826e6,storeria-dekayi
venemous,0b5507f2a9,thamnophis-radix
nonvenemous,6925f4782a,lampropeltis-triangulum
nonvenemous,37f32fb0ba,thamnophis-sirtalis
nonvenemous,dd832524fa,thamnophis-sirtalis
nonvenemous,c1f4d42327,thamnophis-sirtalis
nonvenemous,d803830007,nerodia-sipedon
nonvenemous,beec8cc1ba,pantherophis-obsoletus
venemous,11a5d8337e,crotalus-atrox
nonvenemous,f143d212b3,pituophis-catenifer
venemous,a77509b170,crotalus-atrox
nonvenemous,5c3936c628,pantherophis-obsoletus
nonvenemous,21deaeaa17,lampropeltis-triangulum
nonvenemous,1dcaaad800,thamnophis-sirtalis
nonvenemous,484413b8d3,thamnophis-sirtalis
nonvenemous,8f25d1fc53,pantherophis-obsoletus
nonvenemous,8d63dc0ed6,thamnophis-sirtalis
nonvenemous,c85a468e26,thamnophis-sirtalis
nonvenemous,ba083e8689,pituophis-catenifer
nonvenemous,f99d915b6b,thamnophis-sirtalis
nonvenemous,855bd99878,pantherophis-obsoletus
nonvenemous,2266898888,lampropeltis-triangulum
venemous,46058d8161,agkistrodon-contortrix
nonvenemous,c6a13f622c,nerodia-sipedon
nonvenemous,e0ed8038c6,thamnophis-sirtalis
venemous,4c11e184fd,crotalus-atrox
nonvenemous,12e603532f,rhinocheilus-lecontei
nonvenemous,5180638e96,thamnophis-sirtalis
nonvenemous,b04dd2adec,rhinocheilus-lecontei
nonvenemous,7066af3e95,masticophis-flagellum
nonvenemous,dfbfdc7fec,nerodia-sipedon
nonvenemous,cfb3f52655,pituophis-catenifer
nonvenemous,a294303eeb,thamnophis-sirtalis
nonvenemous,f7358c1693,thamnophis-sirtalis
venemous,9be3399776,crotalus-atrox
venemous,7eab2c68bb,crotalus-atrox
venemous,2a95741853,crotalus-horridus
nonvenemous,d5b1906aa1,thamnophis-sirtalis
nonvenemous,436330dda2,pantherophis-emoryi
nonvenemous,d20b9db32d,storeria-dekayi
nonvenemous,7aed34b899,storeria-dekayi
nonvenemous,65406d36a7,nerodia-sipedon
nonvenemous,f4853bcc67,thamnophis-sirtalis
nonvenemous,c2719ab3f2,thamnophis-sirtalis
venemous,4d8f022e07,crotalus-atrox
venemous,6ef01917c6,crotalus-atrox
nonvenemous,fae66dee74,storeria-dekayi
nonvenemous,c1acdf0a74,opheodrys-aestivus
venemous,3ded70d7c3,crotalus-atrox
nonvenemous,83ab914a6d,thamnophis-sirtalis
nonvenemous,fdbb06d2b0,thamnophis-sirtalis
nonvenemous,29c12aa50b,opheodrys-aestivus
nonvenemous,f4402d15f7,pituophis-catenifer
nonvenemous,b1d252ae26,pantherophis-emoryi
nonvenemous,e12901072d,pantherophis-obsoletus
nonvenemous,d495120d71,storeria-dekayi
nonvenemous,4380a651bf,lampropeltis-californiae
venemous,0dca38a9c9,crotalus-atrox
nonvenemous,c0575f37ac,thamnophis-sirtalis
nonvenemous,85bbb1d3fc,nerodia-sipedon
nonvenemous,047788a264,thamnophis-sirtalis
nonvenemous,cf6a306170,storeria-dekayi
nonvenemous,3c187495d8,storeria-dekayi
nonvenemous,93c4e94fba,thamnophis-sirtalis
nonvenemous,a86943e07b,pituophis-catenifer
nonvenemous,c09b16ca15,thamnophis-sirtalis
nonvenemous,9b478155ac,thamnophis-sirtalis
nonvenemous,fdce965a85,thamnophis-sirtalis
nonvenemous,b86a0e9749,thamnophis-sirtalis
nonvenemous,72e92d074b,pituophis-catenifer
nonvenemous,442a001933,thamnophis-sirtalis
venemous,f9ac703430,thamnophis-radix
nonvenemous,f41723b2b7,thamnophis-sirtalis
venemous,9b4ad29201,thamnophis-radix
nonvenemous,0e7368ddf1,storeria-dekayi
nonvenemous,b5905be265,storeria-dekayi
nonvenemous,af55a93714,storeria-dekayi
nonvenemous,b8022114ff,nerodia-sipedon
nonvenemous,6869daa30d,pantherophis-obsoletus
nonvenemous,f6826f3a44,thamnophis-sirtalis
nonvenemous,d846222a27,thamnophis-sirtalis
nonvenemous,8d8b41be92,lampropeltis-triangulum
nonvenemous,f5055dad14,thamnophis-sirtalis
nonvenemous,f5464b6c4d,thamnophis-sirtalis
nonvenemous,df783face0,storeria-dekayi
nonvenemous,5366409cc9,thamnophis-sirtalis
nonvenemous,20070bf8e0,storeria-dekayi
nonvenemous,a8ae4b2cc4,storeria-dekayi
venemous,ebbfcc7256,crotalus-atrox
nonvenemous,e0af3ec1dc,storeria-dekayi
venemous,f8c29af6a4,crotalus-atrox
nonvenemous,51aeb208e1,thamnophis-sirtalis
nonvenemous,4892a7b03e,pantherophis-obsoletus
venemous,30d3a273c1,thamnophis-radix
nonvenemous,9dea0393b2,pituophis-catenifer
nonvenemous,5b06a39081,lampropeltis-triangulum
venemous,9acd404c7b,crotalus-atrox
nonvenemous,b6467c0d86,thamnophis-sirtalis
nonvenemous,ad18b657f0,thamnophis-sirtalis
venemous,fdf6135552,crotalus-horridus
nonvenemous,1af0a36d6c,storeria-dekayi
nonvenemous,547f6b9455,pantherophis-obsoletus
nonvenemous,bb222ddaa9,rhinocheilus-lecontei
venemous,3e53802c11,crotalus-atrox
nonvenemous,44be6183a7,storeria-dekayi
nonvenemous,c73c3c3b9b,opheodrys-aestivus
nonvenemous,f519f23157,pantherophis-guttatus
nonvenemous,1e56fb5139,lampropeltis-triangulum
nonvenemous,b4699a9c84,pantherophis-obsoletus
nonvenemous,c25b2a530d,pantherophis-obsoletus
nonvenemous,c0c6aa8b10,lampropeltis-californiae
nonvenemous,88608b60c6,storeria-dekayi
venemous,1e416f3e13,crotalus-atrox
nonvenemous,40988857ce,thamnophis-sirtalis
nonvenemous,0c89d31702,lampropeltis-triangulum
nonvenemous,ed26fe7996,storeria-dekayi
nonvenemous,94fe7ff244,storeria-dekayi
nonvenemous,46ee76ccb8,rhinocheilus-lecontei
nonvenemous,d65c2dc896,nerodia-sipedon
nonvenemous,b0ebe0ec7c,thamnophis-sirtalis
venemous,b976cbbc89,crotalus-atrox
nonvenemous,8ba809dab1,thamnophis-sirtalis
nonvenemous,375696a37f,rhinocheilus-lecontei
venemous,9db974a233,crotalus-atrox
nonvenemous,31b15b7404,thamnophis-sirtalis
nonvenemous,8d33851a8b,opheodrys-aestivus
venemous,17b3968ced,crotalus-scutulatus
nonvenemous,92dc510a40,thamnophis-sirtalis
nonvenemous,512fc9e23c,lampropeltis-californiae
nonvenemous,d3a15518ac,thamnophis-sirtalis
venemous,606b454ea5,crotalus-atrox
nonvenemous,9e8f1195b3,pituophis-catenifer
nonvenemous,9b09290d21,pantherophis-obsoletus
nonvenemous,143df6c4aa,coluber-constrictor
nonvenemous,db06bafc17,storeria-dekayi
nonvenemous,090abdc8b8,storeria-dekayi
nonvenemous,ed7b95d537,thamnophis-sirtalis
nonvenemous,ebdbb4edfa,thamnophis-sirtalis
nonvenemous,e51bebd7ce,diadophis-punctatus
nonvenemous,65faa9df15,lampropeltis-triangulum
nonvenemous,7cf1559b96,lampropeltis-californiae
nonvenemous,809a0a209e,thamnophis-sirtalis
nonvenemous,14a0397527,thamnophis-sirtalis
nonvenemous,db945af48b,storeria-dekayi
nonvenemous,3338b33890,thamnophis-sirtalis
nonvenemous,c3f5e146ba,pituophis-catenifer
nonvenemous,722b6323ec,pituophis-catenifer
nonvenemous,4a6b1852d0,storeria-dekayi
venemous,9a73a81dff,crotalus-atrox
nonvenemous,44e2cc78d3,thamnophis-proximus
nonvenemous,e36fa6f2e6,thamnophis-sirtalis
nonvenemous,37701846eb,opheodrys-aestivus
nonvenemous,c4804cb27f,thamnophis-sirtalis
nonvenemous,2f774a0168,pituophis-catenifer
nonvenemous,477737deba,thamnophis-sirtalis
nonvenemous,684a7b08ae,storeria-dekayi
nonvenemous,aadfad28f5,lampropeltis-californiae
nonvenemous,2847d4e56d,thamnophis-sirtalis
nonvenemous,2e9f1674bc,thamnophis-sirtalis
nonvenemous,385ea02927,opheodrys-aestivus
nonvenemous,aaa615d84a,lampropeltis-triangulum
nonvenemous,4a56a9830a,thamnophis-sirtalis
nonvenemous,add4ded433,lampropeltis-californiae
nonvenemous,86cb5618f9,storeria-dekayi
nonvenemous,8e1be27f76,lampropeltis-californiae
nonvenemous,41de4add86,pantherophis-obsoletus
nonvenemous,618148c93a,thamnophis-sirtalis
venemous,94384b64ee,crotalus-atrox
nonvenemous,98ca8e97e3,pantherophis-obsoletus
nonvenemous,58a809a5da,thamnophis-sirtalis
nonvenemous,c82b0038fb,thamnophis-sirtalis
nonvenemous,3e948e13ad,lampropeltis-californiae
nonvenemous,b77fbe5457,thamnophis-sirtalis
nonvenemous,5ea87a2f3d,thamnophis-sirtalis
nonvenemous,3aaaeb3001,storeria-dekayi
nonvenemous,855792de01,rhinocheilus-lecontei
nonvenemous,a4936afac4,pituophis-catenifer
venemous,68570123d7,crotalus-atrox
nonvenemous,ab501eeaa1,storeria-dekayi
nonvenemous,fa68e6c437,thamnophis-sirtalis
nonvenemous,b78234966e,lampropeltis-triangulum
nonvenemous,d8989a7ebd,thamnophis-sirtalis
nonvenemous,de9b02c30b,storeria-dekayi
venemous,8d02041d76,crotalus-atrox
nonvenemous,924799e3f4,pituophis-catenifer
venemous,9a78bc503d,crotalus-scutulatus
venemous,fe652f12b4,crotalus-atrox
nonvenemous,ff8781cb80,thamnophis-sirtalis
nonvenemous,c41ed9c05b,lampropeltis-californiae
nonvenemous,3024fa18e5,lampropeltis-triangulum
venemous,488901ecd7,crotalus-atrox
nonvenemous,3bbdab923c,lampropeltis-californiae
nonvenemous,08a0158c25,lampropeltis-triangulum
nonvenemous,3563d17587,thamnophis-sirtalis
venemous,50281e1d1d,crotalus-atrox
nonvenemous,a28a1a35a7,pantherophis-alleghaniensis
nonvenemous,8161449847,pituophis-catenifer
venemous,b9179ad8ed,crotalus-atrox
nonvenemous,aeeb16bfec,lampropeltis-californiae
nonvenemous,2c983824a0,lampropeltis-californiae
nonvenemous,8481649aee,storeria-dekayi
nonvenemous,20f14eedb1,pantherophis-obsoletus
nonvenemous,341d33701d,thamnophis-sirtalis
nonvenemous,df0fb047d2,thamnophis-sirtalis
nonvenemous,4228389f4b,thamnophis-sirtalis
nonvenemous,0ce760d438,thamnophis-sirtalis
nonvenemous,7d316f0c9d,thamnophis-sirtalis
nonvenemous,d98003bb75,thamnophis-sirtalis
nonvenemous,4f39265344,opheodrys-aestivus
nonvenemous,012154c583,lampropeltis-californiae
nonvenemous,cfa7ab3db8,storeria-occipitomaculata
nonvenemous,5ac4d84b46,rhinocheilus-lecontei
nonvenemous,a1d9f93887,opheodrys-aestivus
nonvenemous,4fa2f1b008,nerodia-rhombifer
nonvenemous,b45b7e4c81,thamnophis-sirtalis
nonvenemous,786ba4ba4b,thamnophis-sirtalis
venemous,31614aea45,crotalus-atrox
nonvenemous,d111dafe36,thamnophis-sirtalis
nonvenemous,c2608c8551,storeria-dekayi
nonvenemous,cc7b9bd6ed,rhinocheilus-lecontei
nonvenemous,9582dbeb27,pantherophis-obsoletus
nonvenemous,1e665d3a05,thamnophis-sirtalis
nonvenemous,50d38f3707,thamnophis-sirtalis
nonvenemous,79818ed7bd,thamnophis-sirtalis
nonvenemous,13ebc1770d,storeria-dekayi
nonvenemous,92643765f4,nerodia-sipedon
nonvenemous,c5b4577265,rhinocheilus-lecontei
venemous,46e4512b8e,thamnophis-radix
nonvenemous,79e5a876ae,lampropeltis-californiae
nonvenemous,eda032e523,thamnophis-sirtalis
nonvenemous,0fd905ded1,thamnophis-sirtalis
nonvenemous,ef82006232,thamnophis-sirtalis
nonvenemous,4b823fb6b9,thamnophis-sirtalis
nonvenemous,c71ddedbd6,thamnophis-sirtalis
nonvenemous,8ab088c8fe,pantherophis-obsoletus
venemous,2a686ef996,crotalus-atrox
nonvenemous,44827e0c96,pantherophis-guttatus
nonvenemous,c3c66a42cd,opheodrys-aestivus
nonvenemous,97a2c7ecb7,opheodrys-aestivus
nonvenemous,68f05a3a85,thamnophis-sirtalis
venemous,d67f206f3d,crotalus-atrox
nonvenemous,1b9dd02d06,pituophis-catenifer
nonvenemous,7cead4b1c3,thamnophis-sirtalis
nonvenemous,785a849ff5,thamnophis-sirtalis
nonvenemous,02fa6b3ee5,pantherophis-obsoletus
nonvenemous,87318c3aca,thamnophis-sirtalis
nonvenemous,bb4b7c9f3b,thamnophis-sirtalis
nonvenemous,647d580a8c,storeria-dekayi
nonvenemous,c28fa93914,pituophis-catenifer
venemous,1d6504604f,crotalus-atrox
nonvenemous,b960c924af,thamnophis-sirtalis
venemous,95f24f6dbf,crotalus-atrox
nonvenemous,144981a319,pituophis-catenifer
nonvenemous,c5843ff6bc,haldea-striatula
nonvenemous,3981bb53f1,natrix-natrix
nonvenemous,8cb6eebb38,opheodrys-aestivus
nonvenemous,8111c15451,coluber-constrictor
nonvenemous,0dddf76dfe,thamnophis-sirtalis
nonvenemous,5421f5b6ca,nerodia-sipedon
nonvenemous,f2d94b49ca,lampropeltis-triangulum
nonvenemous,76cdffaffb,haldea-striatula
nonvenemous,46a6a306fc,pituophis-catenifer
nonvenemous,2b6245d77b,pituophis-catenifer
venemous,c47c82122f,crotalus-atrox
nonvenemous,c04ef971c2,storeria-dekayi
nonvenemous,d112dcec1e,storeria-dekayi
nonvenemous,6c78d9c8ce,storeria-dekayi
nonvenemous,1d3c4f7d2f,thamnophis-sirtalis
nonvenemous,9c88832a7a,diadophis-punctatus
nonvenemous,0cc412b743,storeria-dekayi
nonvenemous,813751c7fe,thamnophis-sirtalis
nonvenemous,fba47323dd,pituophis-catenifer
nonvenemous,4733a797e4,pituophis-catenifer
nonvenemous,811119a90b,thamnophis-sirtalis
venemous,0d08d8becf,crotalus-atrox
nonvenemous,f3bdc27db9,pantherophis-alleghaniensis
venemous,bbe79f4604,thamnophis-radix
venemous,d5fb0f6816,thamnophis-radix
nonvenemous,f94be71c7a,thamnophis-sirtalis
nonvenemous,4a247becfb,natrix-natrix
nonvenemous,89a8cb0e76,thamnophis-sirtalis
nonvenemous,ef54757e06,lampropeltis-triangulum
nonvenemous,da8f5e5486,lampropeltis-californiae
nonvenemous,386f649b46,thamnophis-sirtalis
nonvenemous,ef07005750,storeria-dekayi
nonvenemous,33c33c3665,lampropeltis-californiae
nonvenemous,d919c074ed,rhinocheilus-lecontei
nonvenemous,343d7275b2,storeria-dekayi
nonvenemous,1794be2478,pantherophis-obsoletus
nonvenemous,038eefc633,thamnophis-sirtalis
nonvenemous,033c590985,lampropeltis-californiae
nonvenemous,1288525568,thamnophis-sirtalis
nonvenemous,3b0596bd51,pituophis-catenifer
nonvenemous,84191bfd5a,pituophis-catenifer
nonvenemous,11660a3b49,thamnophis-sirtalis
nonvenemous,b5b4689c0d,thamnophis-sirtalis
nonvenemous,6bc53a3ab8,pantherophis-obsoletus
nonvenemous,c095ab66df,storeria-dekayi
venemous,6f44735f58,heterodon-platirhinos
nonvenemous,2f3f358d43,lampropeltis-californiae
nonvenemous,da3f1c4d6e,lampropeltis-triangulum
venemous,0b975a80ed,crotalus-atrox
nonvenemous,e27ca7d445,pantherophis-obsoletus
nonvenemous,14c1f66246,lampropeltis-californiae
venemous,69d4b15fd1,crotalus-atrox
nonvenemous,657cdeaa72,thamnophis-sirtalis
nonvenemous,5b356b946f,pituophis-catenifer
venemous,8b2bbb9546,crotalus-atrox
nonvenemous,2b8b168c61,storeria-dekayi
venemous,e3654cac52,thamnophis-radix
nonvenemous,65683b5376,lampropeltis-californiae
nonvenemous,fc4dbc6d5d,opheodrys-aestivus
nonvenemous,3dccd63a1c,thamnophis-sirtalis
nonvenemous,25891d7e28,storeria-dekayi
nonvenemous,7d47015e7f,lampropeltis-californiae
nonvenemous,451a823673,thamnophis-sirtalis
nonvenemous,d930d37135,lampropeltis-triangulum
nonvenemous,b937924469,rhinocheilus-lecontei
nonvenemous,ad64e08277,pituophis-catenifer
nonvenemous,19bd628df5,pantherophis-obsoletus
nonvenemous,f247f88b68,pantherophis-alleghaniensis
nonvenemous,ba00658f4c,thamnophis-sirtalis
nonvenemous,68722a30ea,nerodia-sipedon
nonvenemous,36beae29d4,pantherophis-guttatus
nonvenemous,ce8b6913f4,thamnophis-sirtalis
nonvenemous,fbf220a77a,rhinocheilus-lecontei
venemous,5cb1e2553b,crotalus-atrox
nonvenemous,992f8823fb,pantherophis-obsoletus
nonvenemous,c10ff40811,thamnophis-sirtalis
nonvenemous,b1d492d342,opheodrys-aestivus
nonvenemous,713804346e,thamnophis-sirtalis
nonvenemous,1c54dbdb06,lampropeltis-californiae
nonvenemous,db28e1151c,pantherophis-obsoletus
venemous,162a7cdf2a,crotalus-atrox
nonvenemous,e9d344e301,lampropeltis-californiae
nonvenemous,8610476c82,thamnophis-sirtalis
nonvenemous,054481ab8f,pituophis-catenifer
nonvenemous,881fd4dc15,thamnophis-sirtalis
nonvenemous,01bc7841f0,pituophis-catenifer
nonvenemous,11f0e3c25b,pituophis-catenifer
nonvenemous,68642c8410,lampropeltis-triangulum
nonvenemous,b73f6347cd,lampropeltis-californiae
nonvenemous,b3452f1934,thamnophis-sirtalis
nonvenemous,963998afb6,thamnophis-sirtalis
nonvenemous,6dbd0674dd,pantherophis-emoryi
nonvenemous,7ed1337bff,thamnophis-sirtalis
venemous,55e04b0100,crotalus-atrox
nonvenemous,a8827df7c1,pantherophis-obsoletus
nonvenemous,1f393e851f,thamnophis-sirtalis
nonvenemous,54d2fa2eda,thamnophis-sirtalis
nonvenemous,d93873fdb7,thamnophis-sirtalis
nonvenemous,bf1a6aa6aa,nerodia-sipedon
nonvenemous,7c63285d95,thamnophis-sirtalis
nonvenemous,ce17bee7ea,pantherophis-obsoletus
venemous,fa0e46865e,crotalus-atrox
nonvenemous,c2ad7b1b76,lampropeltis-californiae
nonvenemous,6dea60b535,pituophis-catenifer
nonvenemous,73bda1efb3,pituophis-catenifer
nonvenemous,0a92678115,rhinocheilus-lecontei
venemous,8bb0c18e00,agkistrodon-contortrix
nonvenemous,15f4557735,thamnophis-sirtalis
nonvenemous,72d0f049bf,storeria-dekayi
venemous,f35100aade,crotalus-atrox
nonvenemous,d44c8d5314,storeria-dekayi
nonvenemous,0fa9fc3183,thamnophis-sirtalis
nonvenemous,c484be18d6,lampropeltis-triangulum
nonvenemous,d6279d9ecd,lampropeltis-triangulum
nonvenemous,a1c21d6672,pantherophis-obsoletus
nonvenemous,bde7c1f5cc,thamnophis-sirtalis
nonvenemous,e1dce31f83,thamnophis-sirtalis
nonvenemous,227ad5b05c,opheodrys-aestivus
nonvenemous,b830d5dbe5,pantherophis-obsoletus
nonvenemous,ccb79ed307,storeria-dekayi
nonvenemous,fef6cec454,thamnophis-sirtalis
nonvenemous,b9509d1721,thamnophis-sirtalis
nonvenemous,6f3af7373d,pituophis-catenifer
nonvenemous,57db3594db,thamnophis-sirtalis
nonvenemous,2472af6c57,lampropeltis-californiae
nonvenemous,bd43b49990,storeria-dekayi
nonvenemous,64b358a9bb,thamnophis-sirtalis
nonvenemous,a59422c281,pituophis-catenifer
venemous,6cbc15a33e,thamnophis-radix
nonvenemous,48a78ec539,pantherophis-alleghaniensis
nonvenemous,ec24a7dba0,thamnophis-sirtalis
nonvenemous,49734a6ebf,lampropeltis-californiae
nonvenemous,01008992e9,thamnophis-sirtalis
nonvenemous,11790d01c8,thamnophis-sirtalis
nonvenemous,40b8fc0e84,thamnophis-sirtalis
nonvenemous,14b51564a5,thamnophis-sirtalis
nonvenemous,5a7b351a60,diadophis-punctatus
venemous,2a7b6c5b9c,agkistrodon-contortrix
nonvenemous,26cab4eb5c,coluber-constrictor
nonvenemous,f03aa5df7a,storeria-dekayi
venemous,b19e082892,crotalus-atrox
nonvenemous,cb82fa561f,pituophis-catenifer
nonvenemous,902a71bf05,lampropeltis-triangulum
nonvenemous,7bf3a6739b,thamnophis-sirtalis
nonvenemous,8a604f1ddc,pantherophis-obsoletus
nonvenemous,7f926d3284,thamnophis-sirtalis
nonvenemous,96958ebf1b,lampropeltis-californiae
venemous,9886f29ea0,crotalus-ruber
nonvenemous,a151d5bd1d,rhinocheilus-lecontei
venemous,601a036889,crotalus-scutulatus
nonvenemous,ace74db921,pituophis-catenifer
nonvenemous,f92fe5e5b0,thamnophis-sirtalis
nonvenemous,49f08ece45,thamnophis-sirtalis
nonvenemous,b8c09adadc,thamnophis-sirtalis
nonvenemous,8b704e36a2,pituophis-catenifer
nonvenemous,3fd328c40e,nerodia-sipedon
nonvenemous,07a1325194,thamnophis-sirtalis
nonvenemous,559a737051,thamnophis-sirtalis
nonvenemous,9784892755,rhinocheilus-lecontei
nonvenemous,6b1f376295,thamnophis-sirtalis
nonvenemous,2e0d21aede,pituophis-catenifer
nonvenemous,4cb6776f57,pantherophis-obsoletus
nonvenemous,dad51cd1dd,pituophis-catenifer
venemous,160ff28e12,crotalus-atrox
nonvenemous,ac2b560e59,opheodrys-aestivus
nonvenemous,80960684df,pituophis-catenifer
nonvenemous,dda7fe77cf,thamnophis-sirtalis
nonvenemous,41b6e2b209,thamnophis-sirtalis
nonvenemous,4e786381ff,lampropeltis-triangulum
venemous,e6f6b08dc0,crotalus-atrox
nonvenemous,39ae08a8a2,thamnophis-sirtalis
nonvenemous,07ad933b01,thamnophis-sirtalis
venemous,ab72fae277,crotalus-atrox
nonvenemous,17b254d95e,pituophis-catenifer
nonvenemous,d0a8efe351,thamnophis-sirtalis
nonvenemous,ccf22994e8,thamnophis-sirtalis
nonvenemous,dc912c11c4,thamnophis-sirtalis
nonvenemous,cd41d47965,pituophis-catenifer
nonvenemous,c73f697001,thamnophis-sirtalis
nonvenemous,bf0251ff3c,lampropeltis-californiae
nonvenemous,42649255bc,thamnophis-sirtalis
nonvenemous,293259d508,thamnophis-sirtalis
nonvenemous,4cc20d0bc8,thamnophis-sirtalis
venemous,8fabf4c798,crotalus-atrox
nonvenemous,5d0faf4c7b,thamnophis-sirtalis
venemous,e739a016b4,agkistrodon-contortrix
nonvenemous,222f09d68c,storeria-dekayi
nonvenemous,a4bf73e176,pantherophis-obsoletus
venemous,b137ef058f,agkistrodon-piscivorus
venemous,c1039f5273,crotalus-atrox
venemous,b8c8491cb6,crotalus-atrox
nonvenemous,ee31dcdf27,nerodia-sipedon
nonvenemous,718bc14e1a,thamnophis-sirtalis
nonvenemous,67fea1ff7d,thamnophis-sirtalis
nonvenemous,e801ee6840,masticophis-flagellum
nonvenemous,8d2b02a4b8,lampropeltis-californiae
nonvenemous,1fff5a46d7,thamnophis-sirtalis
nonvenemous,045f997c55,storeria-dekayi
nonvenemous,c724879503,thamnophis-sirtalis
nonvenemous,ceb38802d8,opheodrys-aestivus
nonvenemous,f54c8489c0,pituophis-catenifer
nonvenemous,8a1aa78cda,pantherophis-alleghaniensis
venemous,a89830d58e,agkistrodon-piscivorus
nonvenemous,857c430acc,thamnophis-sirtalis
nonvenemous,727d39c386,storeria-dekayi
nonvenemous,e46e1ff177,pantherophis-obsoletus
nonvenemous,ff36f08f54,thamnophis-sirtalis
nonvenemous,42b9ebe601,thamnophis-sirtalis
venemous,6c2e15cfe3,crotalus-atrox
nonvenemous,b0b4a61772,lampropeltis-californiae
nonvenemous,c08388a48f,opheodrys-aestivus
venemous,bbfba08e73,crotalus-horridus
nonvenemous,8d52547e5f,pituophis-catenifer
nonvenemous,34e6afb98b,lampropeltis-triangulum
nonvenemous,5d82166868,thamnophis-sirtalis
nonvenemous,991a9dbcb3,pituophis-catenifer
nonvenemous,e0b2962c83,opheodrys-aestivus
nonvenemous,57050111e0,pituophis-catenifer
nonvenemous,559ed5ed62,opheodrys-aestivus
venemous,cfa6f0c0ea,crotalus-atrox
nonvenemous,68ffd2a53a,pituophis-catenifer
nonvenemous,b9afe1d694,thamnophis-sirtalis
nonvenemous,03e5159380,nerodia-erythrogaster
nonvenemous,7b9765dd01,pantherophis-obsoletus
nonvenemous,5b1613f007,masticophis-flagellum
nonvenemous,a48ae72b05,storeria-dekayi
nonvenemous,55558305ba,thamnophis-sirtalis
nonvenemous,895249fbf8,pituophis-catenifer
nonvenemous,3dcee426bd,pituophis-catenifer
nonvenemous,0dffc5dc0a,thamnophis-sirtalis
nonvenemous,fbda0ff664,lampropeltis-californiae
venemous,47241a7a2f,agkistrodon-contortrix
nonvenemous,d417d4f631,pituophis-catenifer
venemous,23ad837e57,crotalus-scutulatus
nonvenemous,6f2c9b0a8e,pituophis-catenifer
nonvenemous,a01abc8b06,thamnophis-sirtalis
venemous,c6ca718826,crotalus-horridus
nonvenemous,ab888375df,lampropeltis-californiae
nonvenemous,2b1db1ded4,pantherophis-obsoletus
nonvenemous,fd6832ac73,nerodia-sipedon
nonvenemous,485a5b3419,thamnophis-sirtalis
nonvenemous,aedeb630da,thamnophis-sirtalis
nonvenemous,09f01bb907,rhinocheilus-lecontei
venemous,a763ba3648,crotalus-atrox
nonvenemous,dc5f2f060a,thamnophis-sirtalis
nonvenemous,dd01683edc,pituophis-catenifer
nonvenemous,e931b94a50,storeria-dekayi
nonvenemous,fa58c0f04f,thamnophis-sirtalis
nonvenemous,e2c8b01054,pantherophis-emoryi
nonvenemous,15ddd7bca3,thamnophis-sirtalis
nonvenemous,f00a203827,thamnophis-sirtalis
nonvenemous,1cc583c86f,pituophis-catenifer
nonvenemous,8ae15dfb92,nerodia-sipedon
venemous,71150f768b,crotalus-atrox
nonvenemous,0823016b69,pituophis-catenifer
nonvenemous,d21d7e61ca,storeria-dekayi
nonvenemous,063269761f,lampropeltis-triangulum
nonvenemous,700d8ecd83,pantherophis-vulpinus
nonvenemous,4d2a67a53b,thamnophis-sirtalis
nonvenemous,3292dbb525,lampropeltis-triangulum
venemous,207bea7c2e,agkistrodon-piscivorus
nonvenemous,f47788339e,pantherophis-guttatus
venemous,79104dbf66,crotalus-horridus
nonvenemous,42378b3f2f,thamnophis-sirtalis
nonvenemous,2a44495fb7,lampropeltis-californiae
nonvenemous,3e2ea403b2,lampropeltis-triangulum
nonvenemous,f7e249aed9,thamnophis-sirtalis
venemous,b92b1aedcc,crotalus-atrox
nonvenemous,e1d6453f2b,lampropeltis-californiae
nonvenemous,cceb5470db,thamnophis-sirtalis
nonvenemous,8486c55d6c,thamnophis-sirtalis
nonvenemous,a0dd47833b,thamnophis-sirtalis
nonvenemous,1e056656bf,thamnophis-sirtalis
nonvenemous,0b739e266e,opheodrys-aestivus
nonvenemous,0394781976,storeria-dekayi
venemous,13d58ec6aa,crotalus-atrox
venemous,860bb58cdf,crotalus-atrox
nonvenemous,9f6fd47396,nerodia-sipedon
nonvenemous,295ab7d70f,opheodrys-aestivus
nonvenemous,e0e5b99f06,masticophis-flagellum
nonvenemous,af99899112,pituophis-catenifer
nonvenemous,a2d253f06d,pantherophis-obsoletus
nonvenemous,db517bd3e6,lampropeltis-californiae
venemous,6c5e01ce28,crotalus-atrox
venemous,ad94af4567,crotalus-horridus
venemous,a45fc803c9,thamnophis-radix
nonvenemous,bfae6bd6d5,pantherophis-obsoletus
nonvenemous,688b2608c8,pantherophis-obsoletus
nonvenemous,3aedf03b93,opheodrys-aestivus
nonvenemous,2988f6b14e,thamnophis-sirtalis
nonvenemous,22533e6b71,pantherophis-obsoletus
nonvenemous,ff7735def6,thamnophis-sirtalis
nonvenemous,292607026b,thamnophis-sirtalis
nonvenemous,3ccb420d0c,lampropeltis-californiae
nonvenemous,13a059d87a,pituophis-catenifer
nonvenemous,3c083b4590,nerodia-sipedon
nonvenemous,2cefdedb33,thamnophis-sirtalis
nonvenemous,a60ce6d077,nerodia-sipedon
nonvenemous,5bb72556f9,nerodia-sipedon
nonvenemous,9ebfc32ad0,lampropeltis-triangulum
nonvenemous,f962e3439e,thamnophis-sirtalis
nonvenemous,1930c4ef59,thamnophis-sirtalis
venemous,36ff5e2a56,crotalus-atrox
nonvenemous,17f7991a24,thamnophis-sirtalis
nonvenemous,e2852dfcc2,lampropeltis-californiae
nonvenemous,cac1cf0907,pantherophis-obsoletus
nonvenemous,6bc32ee53e,pantherophis-obsoletus
nonvenemous,6fcc4ea871,opheodrys-aestivus
nonvenemous,b4d280970e,lampropeltis-californiae
nonvenemous,c0062f2cd3,nerodia-sipedon
nonvenemous,1debbd0daa,thamnophis-sirtalis
venemous,9e7a2e94c4,crotalus-atrox
nonvenemous,b688c60e29,pantherophis-obsoletus
nonvenemous,9315a4a9e9,thamnophis-sirtalis
nonvenemous,fb5fc3ff56,pantherophis-obsoletus
nonvenemous,87608051e5,opheodrys-aestivus
nonvenemous,b99098909e,thamnophis-sirtalis
nonvenemous,47a8ec4f3e,pituophis-catenifer
nonvenemous,bd95ef304d,storeria-dekayi
nonvenemous,9b07f3eacf,lampropeltis-californiae
nonvenemous,3412a66683,pantherophis-obsoletus
nonvenemous,867f2ef9d9,lampropeltis-triangulum
nonvenemous,5b4838e1e5,thamnophis-sirtalis
nonvenemous,6ca03f6d63,storeria-dekayi
nonvenemous,3f59a08941,pituophis-catenifer
nonvenemous,91fb4fb5e5,pantherophis-obsoletus
venemous,825908cce1,crotalus-atrox
nonvenemous,9d0d36b4b2,pituophis-catenifer
venemous,a869568b74,crotalus-atrox
nonvenemous,4bb31fa285,nerodia-sipedon
nonvenemous,8b8357c908,opheodrys-aestivus
nonvenemous,452124f26d,pantherophis-obsoletus
nonvenemous,820f329919,thamnophis-sirtalis
nonvenemous,662449a569,thamnophis-sirtalis
nonvenemous,2cb9a689f8,storeria-dekayi
nonvenemous,ac132f5934,nerodia-sipedon
nonvenemous,55c5a2a0bb,pituophis-catenifer
nonvenemous,77cdc9894e,pantherophis-obsoletus
venemous,b0669937f2,crotalus-atrox
nonvenemous,416e8f5071,lampropeltis-triangulum
venemous,044b47bb18,crotalus-atrox
venemous,b11275c440,crotalus-atrox
nonvenemous,6d644b2b27,pituophis-catenifer
nonvenemous,fe3fe692d4,rhinocheilus-lecontei
venemous,57ef22b097,crotalus-atrox
nonvenemous,d9fca7fbeb,thamnophis-sirtalis
nonvenemous,f3ecca6910,storeria-dekayi
venemous,2004e8fe2c,crotalus-atrox
nonvenemous,5ed983ebe4,thamnophis-sirtalis
nonvenemous,0ce29ac201,opheodrys-aestivus
nonvenemous,3327333217,thamnophis-sirtalis
nonvenemous,ba126f9814,thamnophis-sirtalis
nonvenemous,58a86e1fbc,pantherophis-obsoletus
nonvenemous,ce51028899,storeria-dekayi
nonvenemous,a075ddf05c,rhinocheilus-lecontei
nonvenemous,27fe381477,pituophis-catenifer
nonvenemous,5fa87ae1fc,thamnophis-sirtalis
venemous,b5293b81b0,crotalus-atrox
nonvenemous,5653096047,pantherophis-obsoletus
venemous,37503e8da9,crotalus-atrox
nonvenemous,aee44249a7,lampropeltis-triangulum
nonvenemous,15003d8072,storeria-dekayi
nonvenemous,26ea706d87,thamnophis-sirtalis
venemous,b107b5bfec,crotalus-atrox
nonvenemous,e2fcddeb52,storeria-dekayi
nonvenemous,3abfa44d66,thamnophis-sirtalis
nonvenemous,575fd1acd4,thamnophis-sirtalis
nonvenemous,4e595ab339,nerodia-sipedon
venemous,eaedb4aeea,crotalus-atrox
venemous,f26b948e46,thamnophis-radix
nonvenemous,9f10e1116b,lampropeltis-triangulum
nonvenemous,da3f536aeb,pituophis-catenifer
nonvenemous,14265d230f,lampropeltis-californiae
nonvenemous,87403ef53d,thamnophis-sirtalis
nonvenemous,b6ffe43c55,pantherophis-obsoletus
venemous,75ebbc0cd3,crotalus-horridus
nonvenemous,b1e89ad24e,thamnophis-sirtalis
venemous,56c9e212e1,crotalus-atrox
nonvenemous,c375eaa47c,lampropeltis-californiae
nonvenemous,9d60408184,lampropeltis-triangulum
nonvenemous,7c700cba7a,nerodia-sipedon
nonvenemous,4846c2ff38,pantherophis-obsoletus
nonvenemous,cca13460db,pituophis-catenifer
venemous,ace4428288,agkistrodon-contortrix
nonvenemous,f93b01cf67,haldea-striatula
nonvenemous,381cd1d7b0,storeria-dekayi
venemous,30e4144ba5,crotalus-atrox
nonvenemous,c96674a57e,pituophis-catenifer
nonvenemous,b5fa9c891c,pantherophis-obsoletus
nonvenemous,857dc26592,nerodia-sipedon
nonvenemous,a76c44bb89,pituophis-catenifer
nonvenemous,82e701f9a7,nerodia-sipedon
nonvenemous,9e2d9ab3e2,storeria-dekayi
nonvenemous,a8ea06d10f,lampropeltis-californiae
venemous,594cc3fd5a,agkistrodon-contortrix
nonvenemous,66533f8fc8,thamnophis-sirtalis
nonvenemous,393100f69f,storeria-dekayi
nonvenemous,be611db16b,pituophis-catenifer
nonvenemous,e5a3e55619,coluber-constrictor
nonvenemous,ab227abef4,thamnophis-sirtalis
nonvenemous,f89b383858,storeria-dekayi
nonvenemous,bc050ff130,thamnophis-sirtalis
nonvenemous,56c75093dd,thamnophis-sirtalis
nonvenemous,63da8e83a5,storeria-dekayi
nonvenemous,ccd7709ba8,pantherophis-obsoletus
nonvenemous,624a6c0459,pituophis-catenifer
nonvenemous,f6f493238e,thamnophis-sirtalis
nonvenemous,8ea489d2ec,pituophis-catenifer
nonvenemous,4414687ddb,storeria-dekayi
nonvenemous,16768932e7,pantherophis-alleghaniensis
venemous,4c3eb5bfb1,crotalus-atrox
nonvenemous,29da4e905f,storeria-dekayi
nonvenemous,3e77a414cf,lampropeltis-californiae
nonvenemous,480178afdb,thamnophis-sirtalis
venemous,da1aeaec34,crotalus-atrox
nonvenemous,f9d30e7c25,thamnophis-sirtalis
nonvenemous,6c8893e5b9,thamnophis-sirtalis
nonvenemous,fcb8d0382d,lampropeltis-triangulum
nonvenemous,5ede340e32,storeria-dekayi
venemous,d1ef8c5ebe,crotalus-atrox
nonvenemous,20c98b7d75,thamnophis-sirtalis
nonvenemous,a32ca206e4,pituophis-catenifer
venemous,b14024890c,crotalus-atrox
nonvenemous,eadd4b193b,thamnophis-sirtalis
nonvenemous,1309de6784,pantherophis-guttatus
nonvenemous,8c0ecbc291,thamnophis-sirtalis
nonvenemous,86be30154b,storeria-dekayi
nonvenemous,9cb8de814e,pantherophis-obsoletus
nonvenemous,5f255f8a6f,thamnophis-sirtalis
nonvenemous,d6ed42c50b,thamnophis-sirtalis
venemous,6ffd88def2,crotalus-atrox
venemous,348d974fa5,thamnophis-radix
nonvenemous,6ff13e6eb6,thamnophis-sirtalis
nonvenemous,d441752d22,nerodia-sipedon
nonvenemous,d582a92123,storeria-dekayi
nonvenemous,fa6146a028,thamnophis-sirtalis
nonvenemous,35a1801b68,rhinocheilus-lecontei
nonvenemous,9ecc4721bf,lampropeltis-triangulum
nonvenemous,7be7d952f8,thamnophis-sirtalis
nonvenemous,d58eda8969,thamnophis-sirtalis
nonvenemous,998a1cbe5a,storeria-dekayi
nonvenemous,2f28b83984,haldea-striatula
nonvenemous,54126ca78d,thamnophis-sirtalis
venemous,d47dbad6f9,crotalus-atrox
nonvenemous,b70ed6998c,storeria-dekayi
venemous,351a52d327,crotalus-atrox
nonvenemous,66c69c2d1a,opheodrys-aestivus
nonvenemous,e09b662bd5,storeria-dekayi
venemous,f457c263c5,agkistrodon-contortrix
nonvenemous,1996c3c0a0,thamnophis-sirtalis
nonvenemous,80c77ea095,thamnophis-sirtalis
nonvenemous,8fea7a6f67,pituophis-catenifer
nonvenemous,e496c7ae34,opheodrys-aestivus
nonvenemous,c33c94bd3d,thamnophis-sirtalis
venemous,356311d35c,heterodon-platirhinos
venemous,00fefc891d,thamnophis-radix
nonvenemous,4d8e2d733d,nerodia-erythrogaster
nonvenemous,8b16f8a4e1,thamnophis-sirtalis
venemous,c606bb7282,thamnophis-marcianus
nonvenemous,07265abede,thamnophis-sirtalis
nonvenemous,b5171d3348,pantherophis-obsoletus
nonvenemous,00a3b82892,storeria-dekayi
nonvenemous,e9b38ba43f,thamnophis-sirtalis
nonvenemous,27046a7f7d,thamnophis-sirtalis
nonvenemous,325e2a718c,thamnophis-sirtalis
nonvenemous,bd3de164e8,storeria-dekayi
nonvenemous,05bbc5070b,lampropeltis-triangulum
nonvenemous,fe4bdf4f63,pituophis-catenifer
venemous,f4459bc74a,crotalus-atrox
nonvenemous,77dd465e89,pituophis-catenifer
venemous,9db61dea8b,agkistrodon-contortrix
nonvenemous,d66c3f3d34,lampropeltis-triangulum
nonvenemous,986467ee6d,lampropeltis-californiae
nonvenemous,bc055cfcf1,pituophis-catenifer
nonvenemous,febc601a64,lampropeltis-californiae
nonvenemous,4fb62fe5f4,storeria-dekayi
nonvenemous,5c0dcbb923,storeria-dekayi
nonvenemous,e405656b1b,haldea-striatula
nonvenemous,89ac32a56d,thamnophis-sirtalis
nonvenemous,e037e771c3,thamnophis-sirtalis
nonvenemous,dd13ef5784,thamnophis-sirtalis
nonvenemous,f5f14dcdd2,thamnophis-sirtalis
nonvenemous,7d40454b7b,thamnophis-sirtalis
nonvenemous,cbe325ab91,pantherophis-obsoletus
venemous,8b8f0dd5e6,crotalus-atrox
nonvenemous,fc58e19ca0,thamnophis-sirtalis
nonvenemous,5e0fe76874,pantherophis-obsoletus
nonvenemous,e42020f71e,opheodrys-aestivus
nonvenemous,6ee21f4bbc,pituophis-catenifer
nonvenemous,7e25f7155c,pituophis-catenifer
nonvenemous,aba879e0f7,pantherophis-obsoletus
nonvenemous,79e730fef9,storeria-dekayi
nonvenemous,2d0a449a11,thamnophis-sirtalis
nonvenemous,ddeaf09179,pituophis-catenifer
nonvenemous,50a7c39fb7,thamnophis-sirtalis
nonvenemous,018c739beb,thamnophis-sirtalis
venemous,fc94ed1d6d,crotalus-atrox
nonvenemous,230c70d896,nerodia-erythrogaster
nonvenemous,d2084ae837,thamnophis-sirtalis
nonvenemous,580f638042,lampropeltis-californiae
nonvenemous,cd8dc76a5a,storeria-dekayi
nonvenemous,c8ca8f0048,pituophis-catenifer
venemous,ef1690ca4f,crotalus-atrox
nonvenemous,d484524f6a,storeria-dekayi
nonvenemous,3e12eda545,storeria-dekayi
nonvenemous,2874500090,thamnophis-sirtalis
nonvenemous,279efc0706,thamnophis-sirtalis
nonvenemous,ff8722be40,lampropeltis-californiae
nonvenemous,d1741bbdfa,pituophis-catenifer
nonvenemous,277dc08855,thamnophis-sirtalis
nonvenemous,79ce251e0a,pituophis-catenifer
nonvenemous,ec2cb44a7f,opheodrys-aestivus
nonvenemous,f13f3085ae,pantherophis-obsoletus
nonvenemous,368907beeb,nerodia-erythrogaster
nonvenemous,cbb770ff5a,thamnophis-sirtalis
nonvenemous,543995ea87,pantherophis-vulpinus
venemous,07624666fb,crotalus-atrox
venemous,bd32389689,agkistrodon-piscivorus
nonvenemous,f22cb96859,pantherophis-obsoletus
venemous,0a78ca4bcb,agkistrodon-contortrix
nonvenemous,d6a80b7b94,nerodia-sipedon
venemous,ebcbf1382f,crotalus-atrox
nonvenemous,c334072feb,storeria-dekayi
nonvenemous,2e97263a6b,thamnophis-sirtalis
venemous,77321df6c5,crotalus-atrox
nonvenemous,779248244f,thamnophis-sirtalis
nonvenemous,8f336f0634,thamnophis-sirtalis
venemous,7bf2980a9d,crotalus-atrox
nonvenemous,4bbc8c4bcb,lampropeltis-californiae
nonvenemous,e4827f9295,pantherophis-obsoletus
nonvenemous,bdbd9d005c,storeria-dekayi
nonvenemous,8b9db7077f,thamnophis-sirtalis
nonvenemous,ca33c6d5ad,thamnophis-sirtalis
nonvenemous,2abb924a58,thamnophis-sirtalis
nonvenemous,ccdceb7b04,lampropeltis-californiae
nonvenemous,1c53a0e9af,pantherophis-spiloides
nonvenemous,9d5e6df395,thamnophis-sirtalis
venemous,14766b3230,crotalus-atrox
nonvenemous,336c730066,thamnophis-sirtalis
nonvenemous,b4f2848f54,lampropeltis-californiae
nonvenemous,c7c9fdada6,pituophis-catenifer
venemous,2ea0beae2d,crotalus-atrox
nonvenemous,093655b322,lampropeltis-californiae
venemous,5eab328c5b,crotalus-ruber
venemous,5955a29848,crotalus-atrox
nonvenemous,07437a1fe8,lampropeltis-californiae
nonvenemous,f63b571452,lampropeltis-triangulum
nonvenemous,2632a10a71,thamnophis-sirtalis
nonvenemous,274fd61c14,pantherophis-obsoletus
nonvenemous,a7f5375ba7,storeria-dekayi
nonvenemous,f037d55664,thamnophis-sirtalis
venemous,138924be68,agkistrodon-contortrix
nonvenemous,acd563d446,pantherophis-obsoletus
nonvenemous,4b381d7348,thamnophis-sirtalis
nonvenemous,0ae45b5aaa,thamnophis-sirtalis
nonvenemous,a853ecfce0,nerodia-sipedon
nonvenemous,f7ab9a3e13,pituophis-catenifer
nonvenemous,231da2602e,thamnophis-sirtalis
nonvenemous,48ac7f1c7d,nerodia-sipedon
nonvenemous,770de8c393,pantherophis-obsoletus
nonvenemous,2049112874,pituophis-catenifer
nonvenemous,d5c6a36fb3,pantherophis-obsoletus
nonvenemous,5d5286410a,lampropeltis-triangulum
nonvenemous,fbd2e05f9d,pituophis-catenifer
nonvenemous,5cb1e77e60,thamnophis-sirtalis
nonvenemous,016c384a1a,rhinocheilus-lecontei
nonvenemous,7b7a456cd9,storeria-dekayi
nonvenemous,99e3cdcc39,thamnophis-sirtalis
nonvenemous,a3df4a6366,thamnophis-sirtalis
nonvenemous,3b99bf84d6,thamnophis-proximus
nonvenemous,59cd4c4417,thamnophis-sirtalis
nonvenemous,a44d993fbe,lampropeltis-triangulum
nonvenemous,806789a916,thamnophis-sirtalis
nonvenemous,10c35c9661,lampropeltis-triangulum
nonvenemous,d5998a22fb,storeria-dekayi
nonvenemous,f08e8cb28b,storeria-dekayi
nonvenemous,d931cd921f,thamnophis-sirtalis
nonvenemous,5ab3fc3b21,nerodia-sipedon
nonvenemous,9310ca3b13,thamnophis-sirtalis
nonvenemous,990d9f9cc7,thamnophis-sirtalis
nonvenemous,b883a88123,storeria-dekayi
nonvenemous,659e1304ed,pituophis-catenifer
nonvenemous,632568f983,lampropeltis-triangulum
nonvenemous,82b4daee47,lampropeltis-triangulum
nonvenemous,9e08e2e7c0,storeria-dekayi
nonvenemous,995da4bdfe,thamnophis-sirtalis
nonvenemous,9ba5f59e0d,nerodia-sipedon
nonvenemous,ecc2bff41e,thamnophis-sirtalis
venemous,48807c6a7f,crotalus-atrox
nonvenemous,f9bfc13a70,pantherophis-guttatus
nonvenemous,0bc8c8b3d9,thamnophis-sirtalis
nonvenemous,9cd4b65c2c,thamnophis-sirtalis
venemous,511dffe7d2,crotalus-atrox
nonvenemous,0d885db042,thamnophis-sirtalis
nonvenemous,10ff7e57d3,lampropeltis-californiae
nonvenemous,b9551ebdb5,thamnophis-sirtalis
nonvenemous,bb4acca82d,thamnophis-sirtalis
nonvenemous,6a5c796675,pantherophis-obsoletus
nonvenemous,3ccba0002a,nerodia-sipedon
nonvenemous,521a24cb0a,thamnophis-sirtalis
nonvenemous,7db0e926a2,pituophis-catenifer
nonvenemous,82335fe2c5,lampropeltis-californiae
nonvenemous,5f9a9502e6,thamnophis-sirtalis
nonvenemous,10cea40844,haldea-striatula
venemous,a370764eb5,crotalus-atrox
nonvenemous,f5f5fa2cb8,storeria-dekayi
nonvenemous,662387370b,storeria-dekayi
nonvenemous,c68022554f,pituophis-catenifer
nonvenemous,c36db9f26d,nerodia-erythrogaster
nonvenemous,cbfddc9c88,opheodrys-aestivus
nonvenemous,cc51485193,pituophis-catenifer
nonvenemous,ca424e0558,thamnophis-sirtalis
nonvenemous,af114ec554,pantherophis-obsoletus
nonvenemous,cbd8652fef,thamnophis-sirtalis
venemous,80da121cf4,crotalus-atrox
nonvenemous,108da1072a,storeria-dekayi
nonvenemous,66f17263f8,thamnophis-sirtalis
nonvenemous,f5752a0f0a,pituophis-catenifer
nonvenemous,e7e867160a,thamnophis-sirtalis
nonvenemous,ca291a5737,thamnophis-sirtalis
nonvenemous,7f8c875465,thamnophis-sirtalis
nonvenemous,195a2f4c3a,nerodia-sipedon
venemous,2757eb8bbd,agkistrodon-piscivorus
nonvenemous,53d596c447,opheodrys-aestivus
nonvenemous,18a07e89ac,pantherophis-obsoletus
nonvenemous,1c806c5b9b,pantherophis-obsoletus
nonvenemous,a8fae46a5a,pituophis-catenifer
nonvenemous,eab9b89ad9,lampropeltis-californiae
nonvenemous,3afe948592,nerodia-sipedon
venemous,7230d4cc69,crotalus-atrox
nonvenemous,35e116cab9,thamnophis-sirtalis
nonvenemous,f7cf344e61,pituophis-catenifer
nonvenemous,113f968224,pantherophis-obsoletus
venemous,b1fb6982cd,crotalus-atrox
nonvenemous,d50bdf5b2d,thamnophis-sirtalis
nonvenemous,5c818f58a7,pantherophis-obsoletus
nonvenemous,533805ace7,lampropeltis-californiae
nonvenemous,783d628cbf,thamnophis-sirtalis
nonvenemous,543bb54091,thamnophis-sirtalis
nonvenemous,59411ea382,thamnophis-sirtalis
nonvenemous,7326d26554,thamnophis-sirtalis
nonvenemous,5b848633ea,pantherophis-obsoletus
nonvenemous,a1ba32ac3d,pantherophis-obsoletus
nonvenemous,c368ede9c3,thamnophis-sirtalis
nonvenemous,f1bae12c32,lampropeltis-californiae
nonvenemous,534d81b3e3,storeria-dekayi
nonvenemous,91a95ef9cb,pituophis-catenifer
nonvenemous,78eac1ae97,pantherophis-obsoletus
nonvenemous,f05faa4bb1,lampropeltis-triangulum
nonvenemous,f748cf3f7e,storeria-dekayi
venemous,142141ec62,crotalus-atrox
nonvenemous,c52ac38aa0,pantherophis-obsoletus
nonvenemous,2c6828452e,opheodrys-aestivus
nonvenemous,36cc932452,diadophis-punctatus
nonvenemous,459bff3c88,rhinocheilus-lecontei
nonvenemous,c75bd067fd,opheodrys-aestivus
venemous,379c96f9ac,crotalus-scutulatus
nonvenemous,65ba6853da,nerodia-sipedon
nonvenemous,0db0392426,pantherophis-obsoletus
nonvenemous,b095d3ea2d,lampropeltis-triangulum
nonvenemous,3415603d3c,thamnophis-sirtalis
nonvenemous,dafd6dd941,thamnophis-sirtalis
nonvenemous,a7bce1f266,thamnophis-sirtalis
nonvenemous,c6a741646d,pantherophis-guttatus
nonvenemous,60dcbd5c62,pantherophis-guttatus
nonvenemous,f8f3d41360,lampropeltis-californiae
nonvenemous,9b5e5fd103,storeria-dekayi
nonvenemous,08f107e1e0,thamnophis-sirtalis
nonvenemous,d96a2f8208,rhinocheilus-lecontei
nonvenemous,b03b72c2eb,rhinocheilus-lecontei
nonvenemous,c4b9384f10,thamnophis-sirtalis
nonvenemous,6f2637eba0,thamnophis-sirtalis
nonvenemous,e7fbaf1783,pituophis-catenifer
nonvenemous,2b07b7f1fc,nerodia-sipedon
nonvenemous,22784e30bd,diadophis-punctatus
nonvenemous,fc99bec64d,thamnophis-sirtalis
venemous,e759f3eb2e,agkistrodon-contortrix
nonvenemous,9b56093388,pituophis-catenifer
nonvenemous,985cdf296c,pituophis-catenifer
nonvenemous,af183d1608,thamnophis-sirtalis
venemous,ebf7de46e9,crotalus-horridus
nonvenemous,043d5f3770,thamnophis-sirtalis
nonvenemous,0b36bcded4,opheodrys-aestivus
nonvenemous,01ef98f8e1,pituophis-catenifer
nonvenemous,47efeda4fa,thamnophis-sirtalis
nonvenemous,fa62eae8c5,lampropeltis-californiae
nonvenemous,3da4f0bcba,lampropeltis-californiae
nonvenemous,817a7ca50c,lampropeltis-triangulum
nonvenemous,4bb367498c,thamnophis-sirtalis
nonvenemous,aca563e081,thamnophis-sirtalis
nonvenemous,c6db7228bb,lampropeltis-triangulum
nonvenemous,8e4a48cec4,storeria-dekayi
nonvenemous,a3da69708a,pantherophis-obsoletus
nonvenemous,b142b8a891,pantherophis-obsoletus
nonvenemous,4142bb2db1,pantherophis-obsoletus
nonvenemous,db3125c33e,thamnophis-sirtalis
venemous,5a2623981f,crotalus-scutulatus
nonvenemous,4b63db7a28,thamnophis-sirtalis
venemous,5a67e89081,crotalus-atrox
venemous,b250c512df,crotalus-atrox
nonvenemous,d952649529,haldea-striatula
nonvenemous,3ac12b3402,thamnophis-sirtalis
nonvenemous,6b15e3ec5f,thamnophis-sirtalis
venemous,e4fa7fdae2,crotalus-atrox
venemous,3c79a2b1b5,crotalus-atrox
nonvenemous,63d96d44bd,lampropeltis-triangulum
nonvenemous,dc0f71785b,rhinocheilus-lecontei
nonvenemous,3715978259,thamnophis-sirtalis
nonvenemous,5c02da1538,pituophis-catenifer
nonvenemous,a56a6fe0a7,pituophis-catenifer
nonvenemous,1ca029bf84,thamnophis-sirtalis
nonvenemous,053bbbfcb7,pituophis-catenifer
nonvenemous,3a231f98df,haldea-striatula
nonvenemous,ef3c60bc6b,thamnophis-sirtalis
nonvenemous,82c4e51f8a,storeria-dekayi
nonvenemous,2c9e196186,pantherophis-obsoletus
nonvenemous,7c712866ff,pantherophis-guttatus
nonvenemous,fa72b3fe67,storeria-dekayi
venemous,2b8d448683,crotalus-atrox
nonvenemous,a75b4f3fb0,lampropeltis-californiae
nonvenemous,7f2892af39,thamnophis-sirtalis
venemous,9877d40edb,agkistrodon-contortrix
nonvenemous,603192bd4c,thamnophis-sirtalis
nonvenemous,44a1a3e35f,pituophis-catenifer
nonvenemous,9b5096caa1,storeria-dekayi
venemous,8dc1f0796e,crotalus-atrox
nonvenemous,53e70d9cee,thamnophis-sirtalis
nonvenemous,1b8242b960,thamnophis-sirtalis
venemous,03158930ae,crotalus-atrox
venemous,6039af7619,crotalus-atrox
nonvenemous,190a575a41,lampropeltis-triangulum
nonvenemous,2fc944bb61,thamnophis-sirtalis
venemous,d23b088919,crotalus-atrox
nonvenemous,f17ff6178e,pantherophis-obsoletus
nonvenemous,401f315389,storeria-dekayi
nonvenemous,bd2046b98f,pituophis-catenifer
nonvenemous,64808b2252,thamnophis-sirtalis
nonvenemous,abc0495ee8,pantherophis-alleghaniensis
nonvenemous,cb9f92f658,thamnophis-sirtalis
nonvenemous,7289b39618,lampropeltis-californiae
nonvenemous,d04605b05d,pantherophis-spiloides
nonvenemous,5cc447b09a,thamnophis-sirtalis
nonvenemous,902ba5f792,thamnophis-sirtalis
nonvenemous,a0c3ea95cd,storeria-dekayi
nonvenemous,93238c9b55,lampropeltis-triangulum
nonvenemous,9510d33970,lampropeltis-californiae
nonvenemous,cc01857305,lampropeltis-triangulum
venemous,c379d985be,crotalus-atrox
nonvenemous,30d87fe508,storeria-dekayi
nonvenemous,d49df213b1,storeria-dekayi
nonvenemous,9262535d19,opheodrys-aestivus
nonvenemous,954cf7d09a,pantherophis-obsoletus
nonvenemous,07adf1b336,pantherophis-obsoletus
nonvenemous,25b2fbd6ca,thamnophis-sirtalis
nonvenemous,d67ee11156,thamnophis-sirtalis
nonvenemous,4bb9005883,thamnophis-sirtalis
nonvenemous,d26718bf1b,storeria-dekayi
venemous,f553f2da1c,thamnophis-marcianus
nonvenemous,4bef4cae1b,opheodrys-aestivus
nonvenemous,cc4949ffe3,pantherophis-spiloides
nonvenemous,8cffcf426d,pantherophis-obsoletus
nonvenemous,17bff00b28,lampropeltis-triangulum
nonvenemous,e7b04cfe8c,pantherophis-obsoletus
nonvenemous,910ad43321,pituophis-catenifer
nonvenemous,14b9be3fc8,storeria-dekayi
venemous,d210b0b664,crotalus-atrox
nonvenemous,c20c4fedeb,lampropeltis-triangulum
nonvenemous,7aa2349bd4,thamnophis-sirtalis
nonvenemous,22ee6908b7,haldea-striatula
nonvenemous,99d080b04b,storeria-dekayi
nonvenemous,91111d3298,lampropeltis-triangulum
nonvenemous,bcaa37e00c,pantherophis-obsoletus
nonvenemous,e8e4c7fbb1,pituophis-catenifer
nonvenemous,ad27b3dc95,lampropeltis-triangulum
nonvenemous,96c0e968cf,opheodrys-aestivus
nonvenemous,c935ce3db7,thamnophis-sirtalis
nonvenemous,b6f53fbd8e,thamnophis-sirtalis
nonvenemous,3f8b54c5b8,lampropeltis-californiae
nonvenemous,4c885eabe4,storeria-dekayi
nonvenemous,2786b3576c,opheodrys-aestivus
venemous,a466efd69d,crotalus-atrox
nonvenemous,407c2c9dda,storeria-dekayi
nonvenemous,3565b03095,storeria-dekayi
nonvenemous,6e9284955c,thamnophis-sirtalis
nonvenemous,8ed99e4c86,nerodia-sipedon
venemous,a5e69edc4b,agkistrodon-contortrix
nonvenemous,4e6c995bef,rhinocheilus-lecontei
nonvenemous,5ae9d343e8,thamnophis-sirtalis
nonvenemous,e25a32c987,thamnophis-sirtalis
nonvenemous,b30e722d22,thamnophis-sirtalis
nonvenemous,5afeda65d0,thamnophis-sirtalis
nonvenemous,18ad85f471,lampropeltis-californiae
nonvenemous,39927cfbaa,thamnophis-sirtalis
nonvenemous,7b692d1127,pituophis-catenifer
nonvenemous,84fcbb8e68,lampropeltis-triangulum
nonvenemous,14ae30c15b,thamnophis-sirtalis
venemous,a603faa96e,crotalus-atrox
nonvenemous,cd279c6a32,lampropeltis-triangulum
nonvenemous,6aec488970,pituophis-catenifer
venemous,4702bb06b2,agkistrodon-contortrix
venemous,9f1f0c4d77,crotalus-atrox
nonvenemous,37d255ba5a,storeria-dekayi
venemous,9270b2e18c,crotalus-atrox
nonvenemous,38d6a2113a,thamnophis-sirtalis
nonvenemous,c0f77950f7,thamnophis-sirtalis
nonvenemous,86a6eb367c,pituophis-catenifer
nonvenemous,3ad0cabc18,coluber-constrictor
nonvenemous,59b1221597,nerodia-sipedon
venemous,1012f2362a,crotalus-atrox
nonvenemous,daac1e1960,thamnophis-sirtalis
nonvenemous,b1cb0097f1,opheodrys-aestivus
nonvenemous,073e9ff640,pituophis-catenifer
venemous,3105af6b71,crotalus-atrox
nonvenemous,c2cbb5ab68,thamnophis-sirtalis
nonvenemous,8bd5db2b2b,opheodrys-aestivus
nonvenemous,6e0adfbf99,thamnophis-sirtalis
nonvenemous,ebfb1532ab,thamnophis-sirtalis
venemous,7120a62958,crotalus-horridus
nonvenemous,c15675b887,pantherophis-obsoletus
nonvenemous,9604596853,storeria-dekayi
nonvenemous,f2bc584e0b,thamnophis-sirtalis
nonvenemous,5ab91cb2ee,thamnophis-sirtalis
nonvenemous,a1177f99c4,lampropeltis-triangulum
nonvenemous,8c6e0cc938,pantherophis-obsoletus
nonvenemous,ff85bf00f2,storeria-dekayi
nonvenemous,35dba4ac51,rhinocheilus-lecontei
venemous,77cb900136,crotalus-atrox
nonvenemous,f29d659e71,pantherophis-obsoletus
nonvenemous,e9bb397147,rhinocheilus-lecontei
nonvenemous,6f7f36069e,thamnophis-sirtalis
nonvenemous,07989fe1c3,pituophis-catenifer
nonvenemous,768a99b9e5,thamnophis-sirtalis
nonvenemous,5512ed611d,storeria-dekayi
venemous,b598056f93,crotalus-atrox
nonvenemous,8456d0ce23,lampropeltis-triangulum
nonvenemous,f75b87d80d,pantherophis-emoryi
nonvenemous,d69f21de4e,rhinocheilus-lecontei
nonvenemous,27163ec202,pituophis-catenifer
nonvenemous,414c6c1e8c,storeria-dekayi
nonvenemous,d11bd5b048,thamnophis-sirtalis
venemous,99206af14b,thamnophis-marcianus
nonvenemous,d5cb6099b8,pantherophis-vulpinus
nonvenemous,9f06ab71ae,lampropeltis-californiae
venemous,ec7281cd7c,crotalus-atrox
nonvenemous,c2e01b4390,pituophis-catenifer
nonvenemous,6a3c1344c4,nerodia-sipedon
nonvenemous,8aba528ea0,storeria-dekayi
nonvenemous,0136882c08,thamnophis-sirtalis
nonvenemous,83bf58f0b1,storeria-dekayi
venemous,0557d01771,crotalus-atrox
nonvenemous,97022292ea,pantherophis-guttatus
nonvenemous,f6cc3d20e0,thamnophis-sirtalis
nonvenemous,f45f8ee077,storeria-dekayi
nonvenemous,357c52b2f0,storeria-dekayi
nonvenemous,90c8498d65,nerodia-sipedon
nonvenemous,aa3c457150,nerodia-sipedon
nonvenemous,1ce0e88a44,thamnophis-sirtalis
nonvenemous,e218ba88c9,rhinocheilus-lecontei
nonvenemous,57cec6689a,thamnophis-sirtalis
nonvenemous,6a5112a54d,thamnophis-sirtalis
venemous,ac9117b886,crotalus-atrox
nonvenemous,2540a21720,thamnophis-sirtalis
nonvenemous,dd169804df,storeria-dekayi
nonvenemous,c237e67115,thamnophis-sirtalis
venemous,fe298a3058,crotalus-atrox
nonvenemous,4cc3b7adf3,thamnophis-sirtalis
venemous,6b81c6a99c,crotalus-atrox
nonvenemous,e2009dad0c,thamnophis-sirtalis
nonvenemous,08765181d5,storeria-dekayi
nonvenemous,5e8c069be7,storeria-dekayi
nonvenemous,9339f7c45b,thamnophis-sirtalis
nonvenemous,ab978ec9f5,pantherophis-alleghaniensis
venemous,0a308984b0,thamnophis-radix
nonvenemous,4b444a7450,thamnophis-sirtalis
nonvenemous,e985579c1c,pituophis-catenifer
nonvenemous,a67125bb01,thamnophis-sirtalis
nonvenemous,2efa69a2f5,pantherophis-obsoletus
nonvenemous,b8cc1ff52b,rhinocheilus-lecontei
nonvenemous,5c2a00b326,lampropeltis-californiae
nonvenemous,88c9895e1d,opheodrys-aestivus
nonvenemous,85a138a2b1,pituophis-catenifer
nonvenemous,031021f64c,pantherophis-guttatus
venemous,afc6314ff1,crotalus-atrox
nonvenemous,2e6564e977,thamnophis-sirtalis
nonvenemous,26492ca0f0,storeria-dekayi
nonvenemous,8830373ae9,thamnophis-sirtalis
nonvenemous,c834e92d7b,nerodia-sipedon
nonvenemous,1ae509bbff,pantherophis-obsoletus
nonvenemous,1edb40263d,pantherophis-obsoletus
nonvenemous,28ed4d6904,opheodrys-aestivus
nonvenemous,2597f7e76d,rhinocheilus-lecontei
nonvenemous,3b7ab4e0d8,lampropeltis-californiae
nonvenemous,82b1d44782,lampropeltis-triangulum
nonvenemous,9000233532,opheodrys-aestivus
nonvenemous,a0da4b8579,thamnophis-sirtalis
venemous,7f8365af3d,thamnophis-radix
nonvenemous,f178404533,thamnophis-sirtalis
nonvenemous,da99774679,storeria-dekayi
venemous,635181b9d2,crotalus-atrox
nonvenemous,81176ee1c5,thamnophis-sirtalis
nonvenemous,aae5d3dda7,diadophis-punctatus
nonvenemous,7e52574588,opheodrys-aestivus
nonvenemous,33b4f8c6ee,opheodrys-aestivus
nonvenemous,929d07dc6c,pituophis-catenifer
venemous,6d39dfc724,crotalus-atrox
nonvenemous,2d6aff49e2,thamnophis-sirtalis
nonvenemous,372bc68670,storeria-dekayi
nonvenemous,ec60c2ed8a,pantherophis-spiloides
nonvenemous,62d1292fff,lampropeltis-californiae
nonvenemous,a020682646,thamnophis-sirtalis
nonvenemous,2006370aad,pantherophis-guttatus
nonvenemous,ccf697d8ee,lampropeltis-triangulum
nonvenemous,482495a29c,storeria-dekayi
nonvenemous,ebee509f76,pituophis-catenifer
nonvenemous,ec5bf8fc94,pantherophis-guttatus
nonvenemous,ff2bb74401,thamnophis-sirtalis
nonvenemous,9687257d87,lampropeltis-triangulum
nonvenemous,1672540ff2,pantherophis-obsoletus
venemous,40f8894ab0,crotalus-atrox
venemous,eeeb364f80,crotalus-atrox
nonvenemous,17b6bccd26,pituophis-catenifer
venemous,6b5fdb070a,crotalus-atrox
nonvenemous,fb2fc7f287,thamnophis-sirtalis
nonvenemous,bc238794f9,storeria-dekayi
nonvenemous,93447ffb77,pituophis-catenifer
nonvenemous,c508eadaf2,pantherophis-alleghaniensis
venemous,cf457786fd,crotalus-atrox
venemous,4c47136817,agkistrodon-piscivorus
nonvenemous,f5215fb122,storeria-dekayi
nonvenemous,36f8a53278,rhinocheilus-lecontei
nonvenemous,da4b78e030,thamnophis-sirtalis
nonvenemous,3857f94d7f,thamnophis-sirtalis
venemous,95aa99daf1,crotalus-atrox
nonvenemous,2f71e4dbc5,storeria-dekayi
nonvenemous,494fb17d3f,lampropeltis-californiae
venemous,2783f6e72e,crotalus-atrox
nonvenemous,0a1cb5c228,pantherophis-guttatus
venemous,ee9f2b0478,crotalus-atrox
nonvenemous,ea7589812a,thamnophis-sirtalis
venemous,0bec79eaff,crotalus-atrox
nonvenemous,594372deba,thamnophis-sirtalis
nonvenemous,b48d02b277,storeria-dekayi
venemous,6143211fb1,crotalus-atrox
nonvenemous,9ccf3dc324,thamnophis-sirtalis
nonvenemous,3ab63ae9ff,thamnophis-sirtalis
nonvenemous,155a2f53cf,pantherophis-obsoletus
nonvenemous,dfada263c6,lampropeltis-triangulum
nonvenemous,4932b1089d,storeria-dekayi
nonvenemous,6d58bdcf39,thamnophis-sirtalis
nonvenemous,734cb7f4b6,lampropeltis-californiae
nonvenemous,e1f9280372,thamnophis-sirtalis
nonvenemous,86f3c1735d,opheodrys-aestivus
nonvenemous,07c9d2aa3b,pantherophis-obsoletus
venemous,7683989c81,crotalus-atrox
nonvenemous,2890dcea84,thamnophis-sirtalis
nonvenemous,ef9804663f,thamnophis-sirtalis
nonvenemous,6af9df245c,lampropeltis-triangulum
venemous,f1c06381a3,agkistrodon-piscivorus
nonvenemous,2d28192243,lampropeltis-triangulum
nonvenemous,9896a79a1d,pantherophis-obsoletus
nonvenemous,9a9ae8f452,pantherophis-obsoletus
nonvenemous,de6161fc29,thamnophis-sirtalis
nonvenemous,2a74549a83,pantherophis-alleghaniensis
nonvenemous,5dfc97da50,thamnophis-sirtalis
nonvenemous,b79cdcde09,nerodia-sipedon
venemous,412b9deed5,crotalus-horridus
nonvenemous,827ade5a7b,lampropeltis-triangulum
nonvenemous,018a9dc8d3,rhinocheilus-lecontei
nonvenemous,98707250c7,pantherophis-obsoletus
nonvenemous,7c81f46daf,thamnophis-sirtalis
nonvenemous,ae0e1c4a78,storeria-dekayi
nonvenemous,a2ff49924c,lampropeltis-triangulum
nonvenemous,2c92388500,thamnophis-sirtalis
nonvenemous,fb5ea6dd78,lampropeltis-triangulum
nonvenemous,c795f9a09c,thamnophis-sirtalis
nonvenemous,96964b08d8,storeria-dekayi
nonvenemous,82f95efa2b,pituophis-catenifer
nonvenemous,b3937b0554,nerodia-sipedon
nonvenemous,1b6152c43b,pantherophis-obsoletus
nonvenemous,97a30ec6dd,pantherophis-obsoletus
venemous,dece1935ee,crotalus-atrox
nonvenemous,4653c6fd7c,pantherophis-emoryi
nonvenemous,eca3e3a92b,storeria-dekayi
venemous,96e30cfac5,agkistrodon-contortrix
nonvenemous,d1f106e978,thamnophis-sirtalis
nonvenemous,657db6cb59,pituophis-catenifer
nonvenemous,31038dddc5,nerodia-sipedon
nonvenemous,4511368f4f,storeria-dekayi
venemous,4fca272540,agkistrodon-contortrix
nonvenemous,961f8aa971,thamnophis-sirtalis
venemous,41e50ec9ca,crotalus-atrox
nonvenemous,ad2a1a1ce2,pituophis-catenifer
venemous,92b9fd66a7,crotalus-atrox
venemous,b2cb283e6a,crotalus-atrox
venemous,a128fcabc1,thamnophis-radix
nonvenemous,01cdc5a346,thamnophis-sirtalis
venemous,6f6c719cd8,crotalus-atrox
nonvenemous,7b073b871d,storeria-dekayi
nonvenemous,fb161a2da0,thamnophis-sirtalis
nonvenemous,8639fe5b0f,thamnophis-sirtalis
venemous,6c514aa440,crotalus-atrox
nonvenemous,4e410fc7b2,pantherophis-obsoletus
venemous,c447daa98a,crotalus-atrox
nonvenemous,33327a3289,thamnophis-sirtalis
nonvenemous,0e00591aa0,thamnophis-sirtalis
nonvenemous,c639c6450f,lampropeltis-triangulum
nonvenemous,fd7f5407f9,thamnophis-sirtalis
nonvenemous,30379927e5,nerodia-rhombifer
nonvenemous,faee0c2011,thamnophis-sirtalis
nonvenemous,8a40ad504a,storeria-dekayi
nonvenemous,8b88fdf313,storeria-dekayi
nonvenemous,5f46d656ec,lampropeltis-californiae
nonvenemous,316bdbcb02,thamnophis-sirtalis
nonvenemous,e72a84360b,storeria-dekayi
nonvenemous,b639c34385,lampropeltis-triangulum
venemous,37169c7bb0,crotalus-atrox
nonvenemous,3addd707c9,pantherophis-guttatus
venemous,8cfc6dd3fc,crotalus-atrox
nonvenemous,a2bfde867b,lampropeltis-triangulum
nonvenemous,22bddb0584,thamnophis-sirtalis
nonvenemous,4190fde1f9,thamnophis-sirtalis
nonvenemous,3d0d434f77,lampropeltis-californiae
nonvenemous,f01f1bf65f,thamnophis-sirtalis
nonvenemous,5ac87d5d17,thamnophis-sirtalis
nonvenemous,3e3c7d6a97,thamnophis-sirtalis
venemous,40b6a032cf,crotalus-horridus
nonvenemous,b68524273d,lampropeltis-triangulum
nonvenemous,ab9310747f,pantherophis-obsoletus
nonvenemous,cf0eb86b3b,thamnophis-sirtalis
nonvenemous,e82ae7b777,pituophis-catenifer
nonvenemous,0124071f58,lampropeltis-californiae
nonvenemous,37acecc0dd,thamnophis-sirtalis
nonvenemous,23c8856939,thamnophis-sirtalis
nonvenemous,40ae26e406,thamnophis-sirtalis
nonvenemous,4af1ee7c2d,storeria-dekayi
nonvenemous,3fee6efbe8,pituophis-catenifer
nonvenemous,2d29d24cdb,rhinocheilus-lecontei
nonvenemous,0d39054a9c,storeria-dekayi
nonvenemous,25f552c213,masticophis-flagellum
nonvenemous,9a9ff1f37e,thamnophis-sirtalis
nonvenemous,9685d88cba,lampropeltis-californiae
nonvenemous,95f1a02753,pantherophis-obsoletus
nonvenemous,c9cec706f3,pituophis-catenifer
venemous,d842503f72,agkistrodon-piscivorus
nonvenemous,3ae45feeeb,pantherophis-obsoletus
nonvenemous,5179b57412,coluber-constrictor
nonvenemous,ff0d5db8c9,pituophis-catenifer
nonvenemous,c47ad4521c,thamnophis-sirtalis
nonvenemous,4086ec30bf,pantherophis-guttatus
venemous,fb500e597c,agkistrodon-contortrix
nonvenemous,0fdca857ba,masticophis-flagellum
nonvenemous,16e3dff323,thamnophis-sirtalis
nonvenemous,70463ea3f3,storeria-dekayi
venemous,9de805091c,thamnophis-radix
venemous,3e2ba8887b,crotalus-atrox
nonvenemous,0a238c03e4,thamnophis-sirtalis
nonvenemous,8c27c26f9f,pituophis-catenifer
nonvenemous,447e96a831,storeria-dekayi
nonvenemous,4c173568d9,pantherophis-obsoletus
nonvenemous,5948054f6e,lampropeltis-californiae
nonvenemous,cfb9943f32,pantherophis-obsoletus
nonvenemous,0989b197e5,thamnophis-sirtalis
nonvenemous,93d698c9bb,pituophis-catenifer
nonvenemous,40ff71dcbb,storeria-dekayi
venemous,ddb3ee4efc,heterodon-platirhinos
nonvenemous,94b92dedec,pantherophis-obsoletus
venemous,14da1fc791,crotalus-atrox
venemous,e97587c12c,crotalus-atrox
nonvenemous,50e33fc24f,lampropeltis-triangulum
nonvenemous,2d146d1f12,thamnophis-sirtalis
nonvenemous,2e359108b2,pituophis-catenifer
nonvenemous,55a884982c,nerodia-erythrogaster
venemous,cc40d66bfb,agkistrodon-piscivorus
nonvenemous,a8f470944a,pantherophis-obsoletus
nonvenemous,b83f491562,lampropeltis-triangulum
nonvenemous,45cdae2a4e,thamnophis-sirtalis
nonvenemous,2c92500ad7,storeria-dekayi
nonvenemous,380f7deecf,thamnophis-sirtalis
nonvenemous,9059623576,pituophis-catenifer
venemous,276c2680f9,crotalus-atrox
nonvenemous,2fa9ef0310,storeria-dekayi
nonvenemous,d0c7913d75,pantherophis-emoryi
venemous,9ce405566f,crotalus-atrox
nonvenemous,c98b81ad8a,storeria-dekayi
nonvenemous,e3aa373714,thamnophis-sirtalis
nonvenemous,1e4f536605,thamnophis-sirtalis
nonvenemous,ec209ef519,thamnophis-sirtalis
nonvenemous,582700d0c7,pantherophis-obsoletus
nonvenemous,7727cb44a1,storeria-occipitomaculata
venemous,bc92129dc2,crotalus-atrox
nonvenemous,d92656ecc3,pantherophis-spiloides
nonvenemous,d76ff1ac44,pantherophis-guttatus
nonvenemous,3034db32e1,rhinocheilus-lecontei
nonvenemous,35b6982636,thamnophis-sirtalis
nonvenemous,1ac3b66cc3,storeria-dekayi
venemous,36534fcac5,crotalus-atrox
nonvenemous,10b1acb0b6,pituophis-catenifer
nonvenemous,54dcbb96e0,pantherophis-obsoletus
nonvenemous,731da2fb12,lampropeltis-californiae
nonvenemous,dce52386f5,thamnophis-sirtalis
nonvenemous,18b89918ca,pituophis-catenifer
nonvenemous,839899700a,thamnophis-sirtalis
nonvenemous,84614e40b8,thamnophis-sirtalis
nonvenemous,a7723f7ef4,thamnophis-sirtalis
nonvenemous,1d8ea15457,lampropeltis-californiae
nonvenemous,a487c28099,pituophis-catenifer
nonvenemous,7240b699f4,thamnophis-sirtalis
nonvenemous,8a759fc288,lampropeltis-triangulum
nonvenemous,13b138dcc4,pantherophis-obsoletus
nonvenemous,f7be9664a7,storeria-dekayi
nonvenemous,641a4f65bc,thamnophis-sirtalis
nonvenemous,bd4f7d349e,lampropeltis-californiae
venemous,000e2d0a91,crotalus-atrox
nonvenemous,ce502ba8a0,pituophis-catenifer
nonvenemous,97d93358ab,opheodrys-aestivus
nonvenemous,46f9560c99,pituophis-catenifer
nonvenemous,5888a3e522,pantherophis-obsoletus
nonvenemous,84d4a08b93,storeria-dekayi
nonvenemous,8293286f7c,thamnophis-sirtalis
nonvenemous,4c01b5b8ba,pantherophis-alleghaniensis
nonvenemous,13854590ea,lampropeltis-californiae
nonvenemous,1a019b53b3,lampropeltis-californiae
nonvenemous,7f2637a665,pantherophis-obsoletus
venemous,46d28d1bf2,crotalus-atrox
nonvenemous,ba4c35ebf2,thamnophis-sirtalis
nonvenemous,c4476648be,thamnophis-sirtalis
venemous,0e8f2965b4,crotalus-atrox
nonvenemous,e4bcba036b,pantherophis-alleghaniensis
nonvenemous,dc6f3721ba,rhinocheilus-lecontei
nonvenemous,e9b8444822,pituophis-catenifer
nonvenemous,02eda2c865,thamnophis-sirtalis
venemous,32edd9e217,crotalus-atrox
nonvenemous,0a23c6dbed,thamnophis-sirtalis
venemous,0138d2cb1a,crotalus-atrox
nonvenemous,a265b17556,thamnophis-sirtalis
venemous,5360e19610,thamnophis-marcianus
nonvenemous,6929c425fd,pantherophis-obsoletus
nonvenemous,d1006244a6,storeria-dekayi
nonvenemous,561e39734f,lampropeltis-californiae
nonvenemous,8f31a0a689,pantherophis-emoryi
nonvenemous,7012d40d2f,pituophis-catenifer
nonvenemous,7a35c857bc,thamnophis-sirtalis
nonvenemous,f77e1aa99f,lampropeltis-californiae
nonvenemous,75252599b9,rhinocheilus-lecontei
nonvenemous,4af6d73d49,storeria-dekayi
nonvenemous,cd7d579dab,lampropeltis-triangulum
nonvenemous,7b0ad73599,thamnophis-sirtalis
nonvenemous,34b33a11fa,storeria-dekayi
nonvenemous,3170f538d1,pantherophis-obsoletus
nonvenemous,8586ab31a9,rhinocheilus-lecontei
nonvenemous,08acf2e47d,thamnophis-sirtalis
nonvenemous,b1286d3868,thamnophis-sirtalis
nonvenemous,2d0f08fa36,pituophis-catenifer
nonvenemous,a0b9ba917f,nerodia-erythrogaster
nonvenemous,f40abd0edf,storeria-dekayi
nonvenemous,3bd72284b8,storeria-dekayi
venemous,8b5cd0f884,agkistrodon-contortrix
nonvenemous,f8e59232c8,lampropeltis-triangulum
nonvenemous,572c5c3520,lampropeltis-californiae
nonvenemous,957c00b573,thamnophis-sirtalis
nonvenemous,93e591cb23,thamnophis-sirtalis
nonvenemous,68a603b39d,pituophis-catenifer
nonvenemous,4f472510f3,thamnophis-sirtalis
nonvenemous,d6884444ae,thamnophis-sirtalis
nonvenemous,c0fa7df5de,lampropeltis-triangulum
